2026/04/05 02:13:29 - mmengine - INFO - 
------------------------------------------------------------
System environment:
    sys.platform: win32
    Python: 3.10.20 | packaged by Anaconda, Inc. | (main, Mar 11 2026, 17:42:35) [MSC v.1942 64 bit (AMD64)]
    CUDA available: True
    MUSA available: False
    numpy_random_seed: 2071926509
    GPU 0: NVIDIA GeForce RTX 4060 Ti
    CUDA_HOME: None
    MSVC: Microsoft (R) C/C++ 최적화 컴파일러 버전 19.44.35217(x64)
    GCC: n/a
    PyTorch: 2.1.0+cu121
    PyTorch compiling details: PyTorch built with:
  - C++ Version: 199711
  - MSVC 192930151
  - Intel(R) Math Kernel Library Version 2020.0.2 Product Build 20200624 for Intel(R) 64 architecture applications
  - Intel(R) MKL-DNN v3.1.1 (Git Hash 64f6bcbcbab628e96f33a62c3e975f8535a7bde4)
  - OpenMP 2019
  - LAPACK is enabled (usually provided by MKL)
  - CPU capability usage: AVX2
  - CUDA Runtime 12.1
  - NVCC architecture flags: -gencode;arch=compute_50,code=sm_50;-gencode;arch=compute_60,code=sm_60;-gencode;arch=compute_61,code=sm_61;-gencode;arch=compute_70,code=sm_70;-gencode;arch=compute_75,code=sm_75;-gencode;arch=compute_80,code=sm_80;-gencode;arch=compute_86,code=sm_86;-gencode;arch=compute_90,code=sm_90
  - CuDNN 8.8.1  (built against CUDA 12.0)
  - Magma 2.5.4
  - Build settings: BLAS_INFO=mkl, BUILD_TYPE=Release, CUDA_VERSION=12.1, CUDNN_VERSION=8.8.1, CXX_COMPILER=C:/actions-runner/_work/pytorch/pytorch/builder/windows/tmp_bin/sccache-cl.exe, CXX_FLAGS=/DWIN32 /D_WINDOWS /GR /EHsc /bigobj /FS -DUSE_PTHREADPOOL -DNDEBUG -DUSE_KINETO -DLIBKINETO_NOCUPTI -DLIBKINETO_NOROCTRACER -DUSE_FBGEMM -DUSE_XNNPACK -DSYMBOLICATE_MOBILE_DEBUG_HANDLE /utf-8 /wd4624 /wd4068 /wd4067 /wd4267 /wd4661 /wd4717 /wd4244 /wd4804 /wd4273, LAPACK_INFO=mkl, PERF_WITH_AVX=1, PERF_WITH_AVX2=1, PERF_WITH_AVX512=1, TORCH_DISABLE_GPU_ASSERTS=OFF, TORCH_VERSION=2.1.0, USE_CUDA=ON, USE_CUDNN=ON, USE_EXCEPTION_PTR=1, USE_GFLAGS=OFF, USE_GLOG=OFF, USE_MKL=ON, USE_MKLDNN=ON, USE_MPI=OFF, USE_NCCL=OFF, USE_NNPACK=OFF, USE_OPENMP=ON, USE_ROCM=OFF, 

    TorchVision: 0.16.0+cu121
    OpenCV: 4.9.0
    MMEngine: 0.10.7

Runtime environment:
    cudnn_benchmark: False
    dist_cfg: {'backend': 'nccl'}
    mp_cfg: {'mp_start_method': 'fork', 'opencv_num_threads': 0}
    seed: 2071926509
    Distributed launcher: none
    Distributed training: False
    GPU number: 1
------------------------------------------------------------

2026/04/05 02:13:30 - mmengine - INFO - Config:
auto_scale_lr = dict(base_batch_size=16, enable=True)
backend_args = None
base_lr = 0.004
checkpoint = 'https://download.openmmlab.com/mmdetection/v3.0/rtmdet/cspnext_rsb_pretrain/cspnext-tiny_imagenet_600e.pth'
classes = ('card', )
custom_hooks = [
    dict(
        _scope_='mmdet',
        ema_type='ExpMomentumEMA',
        momentum=0.0002,
        priority=49,
        type='EMAHook',
        update_buffers=True),
    dict(
        _scope_='mmdet',
        switch_epoch=280,
        switch_pipeline=[
            dict(backend_args=None, type='LoadImageFromFile'),
            dict(type='LoadAnnotations', with_bbox=True),
            dict(
                keep_ratio=True,
                ratio_range=(
                    0.5,
                    2.0,
                ),
                scale=(
                    640,
                    640,
                ),
                type='RandomResize'),
            dict(crop_size=(
                640,
                640,
            ), type='RandomCrop'),
            dict(type='YOLOXHSVRandomAug'),
            dict(prob=0.5, type='RandomFlip'),
            dict(
                pad_val=dict(img=(
                    114,
                    114,
                    114,
                )),
                size=(
                    640,
                    640,
                ),
                type='Pad'),
            dict(type='PackDetInputs'),
        ],
        type='PipelineSwitchHook'),
]
data_root = 'C:/Users/ryuyoonmin/python_project/jaram_height/app/dataset/card_detection-2/'
dataset_type = 'CocoDataset'
default_hooks = dict(
    checkpoint=dict(
        _scope_='mmdet', interval=10, max_keep_ckpts=3, type='CheckpointHook'),
    logger=dict(_scope_='mmdet', interval=50, type='LoggerHook'),
    param_scheduler=dict(_scope_='mmdet', type='ParamSchedulerHook'),
    sampler_seed=dict(_scope_='mmdet', type='DistSamplerSeedHook'),
    timer=dict(_scope_='mmdet', type='IterTimerHook'),
    visualization=dict(_scope_='mmdet', type='DetVisualizationHook'))
default_scope = 'mmdet'
env_cfg = dict(
    cudnn_benchmark=False,
    dist_cfg=dict(backend='nccl'),
    mp_cfg=dict(mp_start_method='fork', opencv_num_threads=0))
img_scales = [
    (
        640,
        640,
    ),
    (
        320,
        320,
    ),
    (
        960,
        960,
    ),
]
interval = 10
launcher = 'none'
load_from = 'https://download.openmmlab.com/mmdetection/v3.0/rtmdet/rtmdet_tiny_8xb32-300e_coco/rtmdet_tiny_8xb32-300e_coco_20220902_112414-78e30dcc.pth'
log_level = 'INFO'
log_processor = dict(
    _scope_='mmdet', by_epoch=True, type='LogProcessor', window_size=50)
max_epochs = 300
model = dict(
    _scope_='mmdet',
    backbone=dict(
        act_cfg=dict(inplace=True, type='SiLU'),
        arch='P5',
        channel_attention=True,
        deepen_factor=0.167,
        expand_ratio=0.5,
        init_cfg=dict(
            checkpoint=
            'https://download.openmmlab.com/mmdetection/v3.0/rtmdet/cspnext_rsb_pretrain/cspnext-tiny_imagenet_600e.pth',
            prefix='backbone.',
            type='Pretrained'),
        norm_cfg=dict(type='SyncBN'),
        type='CSPNeXt',
        widen_factor=0.375),
    bbox_head=dict(
        act_cfg=dict(inplace=True, type='SiLU'),
        anchor_generator=dict(
            offset=0, strides=[
                8,
                16,
                32,
            ], type='MlvlPointGenerator'),
        bbox_coder=dict(type='DistancePointBBoxCoder'),
        exp_on_reg=False,
        feat_channels=96,
        in_channels=96,
        loss_bbox=dict(loss_weight=2.0, type='GIoULoss'),
        loss_cls=dict(
            beta=2.0,
            loss_weight=1.0,
            type='QualityFocalLoss',
            use_sigmoid=True),
        norm_cfg=dict(type='SyncBN'),
        num_classes=1,
        pred_kernel_size=1,
        share_conv=True,
        stacked_convs=2,
        type='RTMDetSepBNHead',
        with_objectness=False),
    data_preprocessor=dict(
        batch_augments=None,
        bgr_to_rgb=False,
        mean=[
            103.53,
            116.28,
            123.675,
        ],
        std=[
            57.375,
            57.12,
            58.395,
        ],
        type='DetDataPreprocessor'),
    neck=dict(
        act_cfg=dict(inplace=True, type='SiLU'),
        expand_ratio=0.5,
        in_channels=[
            96,
            192,
            384,
        ],
        norm_cfg=dict(type='SyncBN'),
        num_csp_blocks=1,
        out_channels=96,
        type='CSPNeXtPAFPN'),
    test_cfg=dict(
        max_per_img=300,
        min_bbox_size=0,
        nms=dict(iou_threshold=0.65, type='nms'),
        nms_pre=30000,
        score_thr=0.001),
    train_cfg=dict(
        allowed_border=-1,
        assigner=dict(topk=13, type='DynamicSoftLabelAssigner'),
        debug=False,
        pos_weight=-1),
    type='RTMDet')
optim_wrapper = dict(
    _scope_='mmdet',
    optimizer=dict(lr=0.004, type='AdamW', weight_decay=0.05),
    paramwise_cfg=dict(
        bias_decay_mult=0, bypass_duplicate=True, norm_decay_mult=0),
    type='OptimWrapper')
param_scheduler = [
    dict(
        _scope_='mmdet',
        begin=0,
        by_epoch=False,
        end=1000,
        start_factor=1e-05,
        type='LinearLR'),
    dict(
        T_max=150,
        _scope_='mmdet',
        begin=150,
        by_epoch=True,
        convert_to_iter_based=True,
        end=300,
        eta_min=0.0002,
        type='CosineAnnealingLR'),
]
resume = False
stage2_num_epochs = 20
test_cfg = dict(_scope_='mmdet', type='TestLoop')
test_dataloader = dict(
    batch_size=5,
    dataset=dict(
        _scope_='mmdet',
        ann_file='test/_annotations.coco.json',
        backend_args=None,
        data_prefix=dict(img='test/'),
        data_root=
        'C:/Users/ryuyoonmin/python_project/jaram_height/app/dataset/card_detection-2/',
        metainfo=dict(classes=('card', )),
        pipeline=[
            dict(backend_args=None, type='LoadImageFromFile'),
            dict(keep_ratio=True, scale=(
                640,
                640,
            ), type='Resize'),
            dict(
                pad_val=dict(img=(
                    114,
                    114,
                    114,
                )),
                size=(
                    640,
                    640,
                ),
                type='Pad'),
            dict(type='LoadAnnotations', with_bbox=True),
            dict(
                meta_keys=(
                    'img_id',
                    'img_path',
                    'ori_shape',
                    'img_shape',
                    'scale_factor',
                ),
                type='PackDetInputs'),
        ],
        test_mode=True,
        type='CocoDataset'),
    drop_last=False,
    num_workers=4,
    persistent_workers=True,
    sampler=dict(_scope_='mmdet', shuffle=False, type='DefaultSampler'))
test_evaluator = dict(
    _scope_='mmdet',
    ann_file=
    'C:/Users/ryuyoonmin/python_project/jaram_height/app/dataset/card_detection-2/test/_annotations.coco.json',
    backend_args=None,
    format_only=False,
    metric='bbox',
    proposal_nums=(
        100,
        1,
        10,
    ),
    type='CocoMetric')
test_pipeline = [
    dict(_scope_='mmdet', backend_args=None, type='LoadImageFromFile'),
    dict(_scope_='mmdet', keep_ratio=True, scale=(
        640,
        640,
    ), type='Resize'),
    dict(
        _scope_='mmdet',
        pad_val=dict(img=(
            114,
            114,
            114,
        )),
        size=(
            640,
            640,
        ),
        type='Pad'),
    dict(_scope_='mmdet', type='LoadAnnotations', with_bbox=True),
    dict(
        _scope_='mmdet',
        meta_keys=(
            'img_id',
            'img_path',
            'ori_shape',
            'img_shape',
            'scale_factor',
        ),
        type='PackDetInputs'),
]
train_cfg = dict(
    _scope_='mmdet',
    dynamic_intervals=[
        (
            280,
            1,
        ),
    ],
    max_epochs=300,
    type='EpochBasedTrainLoop',
    val_interval=10)
train_dataloader = dict(
    batch_sampler=None,
    batch_size=32,
    dataset=dict(
        _scope_='mmdet',
        ann_file='train/_annotations.coco.json',
        backend_args=None,
        data_prefix=dict(img='train/'),
        data_root=
        'C:/Users/ryuyoonmin/python_project/jaram_height/app/dataset/card_detection-2/',
        filter_cfg=dict(filter_empty_gt=True, min_size=32),
        metainfo=dict(classes=('card', )),
        pipeline=[
            dict(backend_args=None, type='LoadImageFromFile'),
            dict(type='LoadAnnotations', with_bbox=True),
            dict(
                img_scale=(
                    640,
                    640,
                ),
                max_cached_images=20,
                pad_val=114.0,
                random_pop=False,
                type='CachedMosaic'),
            dict(
                keep_ratio=True,
                ratio_range=(
                    0.5,
                    2.0,
                ),
                scale=(
                    1280,
                    1280,
                ),
                type='RandomResize'),
            dict(crop_size=(
                640,
                640,
            ), type='RandomCrop'),
            dict(type='YOLOXHSVRandomAug'),
            dict(prob=0.5, type='RandomFlip'),
            dict(
                pad_val=dict(img=(
                    114,
                    114,
                    114,
                )),
                size=(
                    640,
                    640,
                ),
                type='Pad'),
            dict(
                img_scale=(
                    640,
                    640,
                ),
                max_cached_images=10,
                pad_val=(
                    114,
                    114,
                    114,
                ),
                prob=0.5,
                random_pop=False,
                ratio_range=(
                    1.0,
                    1.0,
                ),
                type='CachedMixUp'),
            dict(type='PackDetInputs'),
        ],
        type='CocoDataset'),
    num_workers=8,
    persistent_workers=True,
    pin_memory=True,
    sampler=dict(_scope_='mmdet', shuffle=True, type='DefaultSampler'))
train_pipeline = [
    dict(_scope_='mmdet', backend_args=None, type='LoadImageFromFile'),
    dict(_scope_='mmdet', type='LoadAnnotations', with_bbox=True),
    dict(
        _scope_='mmdet',
        img_scale=(
            640,
            640,
        ),
        max_cached_images=20,
        pad_val=114.0,
        random_pop=False,
        type='CachedMosaic'),
    dict(
        _scope_='mmdet',
        keep_ratio=True,
        ratio_range=(
            0.5,
            2.0,
        ),
        scale=(
            1280,
            1280,
        ),
        type='RandomResize'),
    dict(_scope_='mmdet', crop_size=(
        640,
        640,
    ), type='RandomCrop'),
    dict(_scope_='mmdet', type='YOLOXHSVRandomAug'),
    dict(_scope_='mmdet', prob=0.5, type='RandomFlip'),
    dict(
        _scope_='mmdet',
        pad_val=dict(img=(
            114,
            114,
            114,
        )),
        size=(
            640,
            640,
        ),
        type='Pad'),
    dict(
        _scope_='mmdet',
        img_scale=(
            640,
            640,
        ),
        max_cached_images=10,
        pad_val=(
            114,
            114,
            114,
        ),
        prob=0.5,
        random_pop=False,
        ratio_range=(
            1.0,
            1.0,
        ),
        type='CachedMixUp'),
    dict(_scope_='mmdet', type='PackDetInputs'),
]
train_pipeline_stage2 = [
    dict(_scope_='mmdet', backend_args=None, type='LoadImageFromFile'),
    dict(_scope_='mmdet', type='LoadAnnotations', with_bbox=True),
    dict(
        _scope_='mmdet',
        keep_ratio=True,
        ratio_range=(
            0.5,
            2.0,
        ),
        scale=(
            640,
            640,
        ),
        type='RandomResize'),
    dict(_scope_='mmdet', crop_size=(
        640,
        640,
    ), type='RandomCrop'),
    dict(_scope_='mmdet', type='YOLOXHSVRandomAug'),
    dict(_scope_='mmdet', prob=0.5, type='RandomFlip'),
    dict(
        _scope_='mmdet',
        pad_val=dict(img=(
            114,
            114,
            114,
        )),
        size=(
            640,
            640,
        ),
        type='Pad'),
    dict(_scope_='mmdet', type='PackDetInputs'),
]
tta_model = dict(
    _scope_='mmdet',
    tta_cfg=dict(max_per_img=100, nms=dict(iou_threshold=0.6, type='nms')),
    type='DetTTAModel')
tta_pipeline = [
    dict(_scope_='mmdet', backend_args=None, type='LoadImageFromFile'),
    dict(
        _scope_='mmdet',
        transforms=[
            [
                dict(keep_ratio=True, scale=(
                    640,
                    640,
                ), type='Resize'),
                dict(keep_ratio=True, scale=(
                    320,
                    320,
                ), type='Resize'),
                dict(keep_ratio=True, scale=(
                    960,
                    960,
                ), type='Resize'),
            ],
            [
                dict(prob=1.0, type='RandomFlip'),
                dict(prob=0.0, type='RandomFlip'),
            ],
            [
                dict(
                    pad_val=dict(img=(
                        114,
                        114,
                        114,
                    )),
                    size=(
                        960,
                        960,
                    ),
                    type='Pad'),
            ],
            [
                dict(type='LoadAnnotations', with_bbox=True),
            ],
            [
                dict(
                    meta_keys=(
                        'img_id',
                        'img_path',
                        'ori_shape',
                        'img_shape',
                        'scale_factor',
                        'flip',
                        'flip_direction',
                    ),
                    type='PackDetInputs'),
            ],
        ],
        type='TestTimeAug'),
]
val_cfg = dict(_scope_='mmdet', type='ValLoop')
val_dataloader = dict(
    batch_size=5,
    dataset=dict(
        _scope_='mmdet',
        ann_file='valid/_annotations.coco.json',
        backend_args=None,
        data_prefix=dict(img='valid/'),
        data_root=
        'C:/Users/ryuyoonmin/python_project/jaram_height/app/dataset/card_detection-2/',
        metainfo=dict(classes=('card', )),
        pipeline=[
            dict(backend_args=None, type='LoadImageFromFile'),
            dict(keep_ratio=True, scale=(
                640,
                640,
            ), type='Resize'),
            dict(
                pad_val=dict(img=(
                    114,
                    114,
                    114,
                )),
                size=(
                    640,
                    640,
                ),
                type='Pad'),
            dict(type='LoadAnnotations', with_bbox=True),
            dict(
                meta_keys=(
                    'img_id',
                    'img_path',
                    'ori_shape',
                    'img_shape',
                    'scale_factor',
                ),
                type='PackDetInputs'),
        ],
        test_mode=True,
        type='CocoDataset'),
    drop_last=False,
    num_workers=4,
    persistent_workers=True,
    sampler=dict(_scope_='mmdet', shuffle=False, type='DefaultSampler'))
val_evaluator = dict(
    _scope_='mmdet',
    ann_file=
    'C:/Users/ryuyoonmin/python_project/jaram_height/app/dataset/card_detection-2/valid/_annotations.coco.json',
    backend_args=None,
    format_only=False,
    metric='bbox',
    proposal_nums=(
        100,
        1,
        10,
    ),
    type='CocoMetric')
vis_backends = [
    dict(_scope_='mmdet', type='LocalVisBackend'),
]
visualizer = dict(
    _scope_='mmdet',
    name='visualizer',
    type='DetLocalVisualizer',
    vis_backends=[
        dict(type='LocalVisBackend'),
    ])
work_dir = './app/models/card_model_v2'

2026/04/05 02:13:32 - mmengine - INFO - Distributed training is not used, all SyncBatchNorm (SyncBN) layers in the model will be automatically reverted to BatchNormXd layers if they are used.
2026/04/05 02:13:33 - mmengine - INFO - Hooks will be executed in the following order:
before_run:
(VERY_HIGH   ) RuntimeInfoHook                    
(49          ) EMAHook                            
(BELOW_NORMAL) LoggerHook                         
 -------------------- 
after_load_checkpoint:
(49          ) EMAHook                            
 -------------------- 
before_train:
(VERY_HIGH   ) RuntimeInfoHook                    
(49          ) EMAHook                            
(NORMAL      ) IterTimerHook                      
(VERY_LOW    ) CheckpointHook                     
 -------------------- 
before_train_epoch:
(VERY_HIGH   ) RuntimeInfoHook                    
(NORMAL      ) IterTimerHook                      
(NORMAL      ) DistSamplerSeedHook                
(NORMAL      ) PipelineSwitchHook                 
 -------------------- 
before_train_iter:
(VERY_HIGH   ) RuntimeInfoHook                    
(NORMAL      ) IterTimerHook                      
 -------------------- 
after_train_iter:
(VERY_HIGH   ) RuntimeInfoHook                    
(49          ) EMAHook                            
(NORMAL      ) IterTimerHook                      
(BELOW_NORMAL) LoggerHook                         
(LOW         ) ParamSchedulerHook                 
(VERY_LOW    ) CheckpointHook                     
 -------------------- 
after_train_epoch:
(NORMAL      ) IterTimerHook                      
(LOW         ) ParamSchedulerHook                 
(VERY_LOW    ) CheckpointHook                     
 -------------------- 
before_val:
(VERY_HIGH   ) RuntimeInfoHook                    
 -------------------- 
before_val_epoch:
(49          ) EMAHook                            
(NORMAL      ) IterTimerHook                      
 -------------------- 
before_val_iter:
(NORMAL      ) IterTimerHook                      
 -------------------- 
after_val_iter:
(NORMAL      ) IterTimerHook                      
(NORMAL      ) DetVisualizationHook               
(BELOW_NORMAL) LoggerHook                         
 -------------------- 
after_val_epoch:
(VERY_HIGH   ) RuntimeInfoHook                    
(49          ) EMAHook                            
(NORMAL      ) IterTimerHook                      
(BELOW_NORMAL) LoggerHook                         
(LOW         ) ParamSchedulerHook                 
(VERY_LOW    ) CheckpointHook                     
 -------------------- 
after_val:
(VERY_HIGH   ) RuntimeInfoHook                    
 -------------------- 
before_save_checkpoint:
(49          ) EMAHook                            
 -------------------- 
after_train:
(VERY_HIGH   ) RuntimeInfoHook                    
(VERY_LOW    ) CheckpointHook                     
 -------------------- 
before_test:
(VERY_HIGH   ) RuntimeInfoHook                    
 -------------------- 
before_test_epoch:
(49          ) EMAHook                            
(NORMAL      ) IterTimerHook                      
 -------------------- 
before_test_iter:
(NORMAL      ) IterTimerHook                      
 -------------------- 
after_test_iter:
(NORMAL      ) IterTimerHook                      
(NORMAL      ) DetVisualizationHook               
(BELOW_NORMAL) LoggerHook                         
 -------------------- 
after_test_epoch:
(VERY_HIGH   ) RuntimeInfoHook                    
(49          ) EMAHook                            
(NORMAL      ) IterTimerHook                      
(BELOW_NORMAL) LoggerHook                         
 -------------------- 
after_test:
(VERY_HIGH   ) RuntimeInfoHook                    
 -------------------- 
after_run:
(BELOW_NORMAL) LoggerHook                         
 -------------------- 
2026/04/05 02:13:34 - mmengine - INFO - paramwise_options -- backbone.stem.0.bn.weight:weight_decay=0.0
2026/04/05 02:13:34 - mmengine - INFO - paramwise_options -- backbone.stem.0.bn.bias:weight_decay=0.0
2026/04/05 02:13:34 - mmengine - INFO - paramwise_options -- backbone.stem.1.bn.weight:weight_decay=0.0
2026/04/05 02:13:34 - mmengine - INFO - paramwise_options -- backbone.stem.1.bn.bias:weight_decay=0.0
2026/04/05 02:13:34 - mmengine - INFO - paramwise_options -- backbone.stem.2.bn.weight:weight_decay=0.0
2026/04/05 02:13:34 - mmengine - INFO - paramwise_options -- backbone.stem.2.bn.bias:weight_decay=0.0
2026/04/05 02:13:34 - mmengine - INFO - paramwise_options -- backbone.stage1.0.bn.weight:weight_decay=0.0
2026/04/05 02:13:34 - mmengine - INFO - paramwise_options -- backbone.stage1.0.bn.bias:weight_decay=0.0
2026/04/05 02:13:34 - mmengine - INFO - paramwise_options -- backbone.stage1.1.main_conv.bn.weight:weight_decay=0.0
2026/04/05 02:13:34 - mmengine - INFO - paramwise_options -- backbone.stage1.1.main_conv.bn.bias:weight_decay=0.0
2026/04/05 02:13:34 - mmengine - INFO - paramwise_options -- backbone.stage1.1.short_conv.bn.weight:weight_decay=0.0
2026/04/05 02:13:34 - mmengine - INFO - paramwise_options -- backbone.stage1.1.short_conv.bn.bias:weight_decay=0.0
2026/04/05 02:13:34 - mmengine - INFO - paramwise_options -- backbone.stage1.1.final_conv.bn.weight:weight_decay=0.0
2026/04/05 02:13:34 - mmengine - INFO - paramwise_options -- backbone.stage1.1.final_conv.bn.bias:weight_decay=0.0
2026/04/05 02:13:34 - mmengine - INFO - paramwise_options -- backbone.stage1.1.blocks.0.conv1.bn.weight:weight_decay=0.0
2026/04/05 02:13:34 - mmengine - INFO - paramwise_options -- backbone.stage1.1.blocks.0.conv1.bn.bias:weight_decay=0.0
2026/04/05 02:13:34 - mmengine - INFO - paramwise_options -- backbone.stage1.1.blocks.0.conv2.depthwise_conv.bn.weight:weight_decay=0.0
2026/04/05 02:13:34 - mmengine - INFO - paramwise_options -- backbone.stage1.1.blocks.0.conv2.depthwise_conv.bn.bias:weight_decay=0.0
2026/04/05 02:13:34 - mmengine - INFO - paramwise_options -- backbone.stage1.1.blocks.0.conv2.pointwise_conv.bn.weight:weight_decay=0.0
2026/04/05 02:13:34 - mmengine - INFO - paramwise_options -- backbone.stage1.1.blocks.0.conv2.pointwise_conv.bn.bias:weight_decay=0.0
2026/04/05 02:13:34 - mmengine - INFO - paramwise_options -- backbone.stage1.1.attention.fc.bias:weight_decay=0.0
2026/04/05 02:13:34 - mmengine - INFO - paramwise_options -- backbone.stage2.0.bn.weight:weight_decay=0.0
2026/04/05 02:13:34 - mmengine - INFO - paramwise_options -- backbone.stage2.0.bn.bias:weight_decay=0.0
2026/04/05 02:13:34 - mmengine - INFO - paramwise_options -- backbone.stage2.1.main_conv.bn.weight:weight_decay=0.0
2026/04/05 02:13:34 - mmengine - INFO - paramwise_options -- backbone.stage2.1.main_conv.bn.bias:weight_decay=0.0
2026/04/05 02:13:34 - mmengine - INFO - paramwise_options -- backbone.stage2.1.short_conv.bn.weight:weight_decay=0.0
2026/04/05 02:13:34 - mmengine - INFO - paramwise_options -- backbone.stage2.1.short_conv.bn.bias:weight_decay=0.0
2026/04/05 02:13:34 - mmengine - INFO - paramwise_options -- backbone.stage2.1.final_conv.bn.weight:weight_decay=0.0
2026/04/05 02:13:34 - mmengine - INFO - paramwise_options -- backbone.stage2.1.final_conv.bn.bias:weight_decay=0.0
2026/04/05 02:13:34 - mmengine - INFO - paramwise_options -- backbone.stage2.1.blocks.0.conv1.bn.weight:weight_decay=0.0
2026/04/05 02:13:34 - mmengine - INFO - paramwise_options -- backbone.stage2.1.blocks.0.conv1.bn.bias:weight_decay=0.0
2026/04/05 02:13:34 - mmengine - INFO - paramwise_options -- backbone.stage2.1.blocks.0.conv2.depthwise_conv.bn.weight:weight_decay=0.0
2026/04/05 02:13:34 - mmengine - INFO - paramwise_options -- backbone.stage2.1.blocks.0.conv2.depthwise_conv.bn.bias:weight_decay=0.0
2026/04/05 02:13:34 - mmengine - INFO - paramwise_options -- backbone.stage2.1.blocks.0.conv2.pointwise_conv.bn.weight:weight_decay=0.0
2026/04/05 02:13:34 - mmengine - INFO - paramwise_options -- backbone.stage2.1.blocks.0.conv2.pointwise_conv.bn.bias:weight_decay=0.0
2026/04/05 02:13:34 - mmengine - INFO - paramwise_options -- backbone.stage2.1.attention.fc.bias:weight_decay=0.0
2026/04/05 02:13:34 - mmengine - INFO - paramwise_options -- backbone.stage3.0.bn.weight:weight_decay=0.0
2026/04/05 02:13:34 - mmengine - INFO - paramwise_options -- backbone.stage3.0.bn.bias:weight_decay=0.0
2026/04/05 02:13:34 - mmengine - INFO - paramwise_options -- backbone.stage3.1.main_conv.bn.weight:weight_decay=0.0
2026/04/05 02:13:34 - mmengine - INFO - paramwise_options -- backbone.stage3.1.main_conv.bn.bias:weight_decay=0.0
2026/04/05 02:13:34 - mmengine - INFO - paramwise_options -- backbone.stage3.1.short_conv.bn.weight:weight_decay=0.0
2026/04/05 02:13:34 - mmengine - INFO - paramwise_options -- backbone.stage3.1.short_conv.bn.bias:weight_decay=0.0
2026/04/05 02:13:34 - mmengine - INFO - paramwise_options -- backbone.stage3.1.final_conv.bn.weight:weight_decay=0.0
2026/04/05 02:13:34 - mmengine - INFO - paramwise_options -- backbone.stage3.1.final_conv.bn.bias:weight_decay=0.0
2026/04/05 02:13:34 - mmengine - INFO - paramwise_options -- backbone.stage3.1.blocks.0.conv1.bn.weight:weight_decay=0.0
2026/04/05 02:13:34 - mmengine - INFO - paramwise_options -- backbone.stage3.1.blocks.0.conv1.bn.bias:weight_decay=0.0
2026/04/05 02:13:34 - mmengine - INFO - paramwise_options -- backbone.stage3.1.blocks.0.conv2.depthwise_conv.bn.weight:weight_decay=0.0
2026/04/05 02:13:34 - mmengine - INFO - paramwise_options -- backbone.stage3.1.blocks.0.conv2.depthwise_conv.bn.bias:weight_decay=0.0
2026/04/05 02:13:34 - mmengine - INFO - paramwise_options -- backbone.stage3.1.blocks.0.conv2.pointwise_conv.bn.weight:weight_decay=0.0
2026/04/05 02:13:34 - mmengine - INFO - paramwise_options -- backbone.stage3.1.blocks.0.conv2.pointwise_conv.bn.bias:weight_decay=0.0
2026/04/05 02:13:34 - mmengine - INFO - paramwise_options -- backbone.stage3.1.attention.fc.bias:weight_decay=0.0
2026/04/05 02:13:34 - mmengine - INFO - paramwise_options -- backbone.stage4.0.bn.weight:weight_decay=0.0
2026/04/05 02:13:34 - mmengine - INFO - paramwise_options -- backbone.stage4.0.bn.bias:weight_decay=0.0
2026/04/05 02:13:34 - mmengine - INFO - paramwise_options -- backbone.stage4.1.conv1.bn.weight:weight_decay=0.0
2026/04/05 02:13:34 - mmengine - INFO - paramwise_options -- backbone.stage4.1.conv1.bn.bias:weight_decay=0.0
2026/04/05 02:13:34 - mmengine - INFO - paramwise_options -- backbone.stage4.1.conv2.bn.weight:weight_decay=0.0
2026/04/05 02:13:34 - mmengine - INFO - paramwise_options -- backbone.stage4.1.conv2.bn.bias:weight_decay=0.0
2026/04/05 02:13:34 - mmengine - INFO - paramwise_options -- backbone.stage4.2.main_conv.bn.weight:weight_decay=0.0
2026/04/05 02:13:34 - mmengine - INFO - paramwise_options -- backbone.stage4.2.main_conv.bn.bias:weight_decay=0.0
2026/04/05 02:13:34 - mmengine - INFO - paramwise_options -- backbone.stage4.2.short_conv.bn.weight:weight_decay=0.0
2026/04/05 02:13:34 - mmengine - INFO - paramwise_options -- backbone.stage4.2.short_conv.bn.bias:weight_decay=0.0
2026/04/05 02:13:34 - mmengine - INFO - paramwise_options -- backbone.stage4.2.final_conv.bn.weight:weight_decay=0.0
2026/04/05 02:13:34 - mmengine - INFO - paramwise_options -- backbone.stage4.2.final_conv.bn.bias:weight_decay=0.0
2026/04/05 02:13:34 - mmengine - INFO - paramwise_options -- backbone.stage4.2.blocks.0.conv1.bn.weight:weight_decay=0.0
2026/04/05 02:13:34 - mmengine - INFO - paramwise_options -- backbone.stage4.2.blocks.0.conv1.bn.bias:weight_decay=0.0
2026/04/05 02:13:34 - mmengine - INFO - paramwise_options -- backbone.stage4.2.blocks.0.conv2.depthwise_conv.bn.weight:weight_decay=0.0
2026/04/05 02:13:34 - mmengine - INFO - paramwise_options -- backbone.stage4.2.blocks.0.conv2.depthwise_conv.bn.bias:weight_decay=0.0
2026/04/05 02:13:34 - mmengine - INFO - paramwise_options -- backbone.stage4.2.blocks.0.conv2.pointwise_conv.bn.weight:weight_decay=0.0
2026/04/05 02:13:34 - mmengine - INFO - paramwise_options -- backbone.stage4.2.blocks.0.conv2.pointwise_conv.bn.bias:weight_decay=0.0
2026/04/05 02:13:34 - mmengine - INFO - paramwise_options -- backbone.stage4.2.attention.fc.bias:weight_decay=0.0
2026/04/05 02:13:34 - mmengine - INFO - paramwise_options -- neck.reduce_layers.0.bn.weight:weight_decay=0.0
2026/04/05 02:13:34 - mmengine - INFO - paramwise_options -- neck.reduce_layers.0.bn.bias:weight_decay=0.0
2026/04/05 02:13:34 - mmengine - INFO - paramwise_options -- neck.reduce_layers.1.bn.weight:weight_decay=0.0
2026/04/05 02:13:34 - mmengine - INFO - paramwise_options -- neck.reduce_layers.1.bn.bias:weight_decay=0.0
2026/04/05 02:13:34 - mmengine - INFO - paramwise_options -- neck.top_down_blocks.0.main_conv.bn.weight:weight_decay=0.0
2026/04/05 02:13:34 - mmengine - INFO - paramwise_options -- neck.top_down_blocks.0.main_conv.bn.bias:weight_decay=0.0
2026/04/05 02:13:34 - mmengine - INFO - paramwise_options -- neck.top_down_blocks.0.short_conv.bn.weight:weight_decay=0.0
2026/04/05 02:13:34 - mmengine - INFO - paramwise_options -- neck.top_down_blocks.0.short_conv.bn.bias:weight_decay=0.0
2026/04/05 02:13:34 - mmengine - INFO - paramwise_options -- neck.top_down_blocks.0.final_conv.bn.weight:weight_decay=0.0
2026/04/05 02:13:34 - mmengine - INFO - paramwise_options -- neck.top_down_blocks.0.final_conv.bn.bias:weight_decay=0.0
2026/04/05 02:13:34 - mmengine - INFO - paramwise_options -- neck.top_down_blocks.0.blocks.0.conv1.bn.weight:weight_decay=0.0
2026/04/05 02:13:34 - mmengine - INFO - paramwise_options -- neck.top_down_blocks.0.blocks.0.conv1.bn.bias:weight_decay=0.0
2026/04/05 02:13:34 - mmengine - INFO - paramwise_options -- neck.top_down_blocks.0.blocks.0.conv2.depthwise_conv.bn.weight:weight_decay=0.0
2026/04/05 02:13:34 - mmengine - INFO - paramwise_options -- neck.top_down_blocks.0.blocks.0.conv2.depthwise_conv.bn.bias:weight_decay=0.0
2026/04/05 02:13:34 - mmengine - INFO - paramwise_options -- neck.top_down_blocks.0.blocks.0.conv2.pointwise_conv.bn.weight:weight_decay=0.0
2026/04/05 02:13:34 - mmengine - INFO - paramwise_options -- neck.top_down_blocks.0.blocks.0.conv2.pointwise_conv.bn.bias:weight_decay=0.0
2026/04/05 02:13:34 - mmengine - INFO - paramwise_options -- neck.top_down_blocks.1.main_conv.bn.weight:weight_decay=0.0
2026/04/05 02:13:34 - mmengine - INFO - paramwise_options -- neck.top_down_blocks.1.main_conv.bn.bias:weight_decay=0.0
2026/04/05 02:13:34 - mmengine - INFO - paramwise_options -- neck.top_down_blocks.1.short_conv.bn.weight:weight_decay=0.0
2026/04/05 02:13:34 - mmengine - INFO - paramwise_options -- neck.top_down_blocks.1.short_conv.bn.bias:weight_decay=0.0
2026/04/05 02:13:34 - mmengine - INFO - paramwise_options -- neck.top_down_blocks.1.final_conv.bn.weight:weight_decay=0.0
2026/04/05 02:13:34 - mmengine - INFO - paramwise_options -- neck.top_down_blocks.1.final_conv.bn.bias:weight_decay=0.0
2026/04/05 02:13:34 - mmengine - INFO - paramwise_options -- neck.top_down_blocks.1.blocks.0.conv1.bn.weight:weight_decay=0.0
2026/04/05 02:13:34 - mmengine - INFO - paramwise_options -- neck.top_down_blocks.1.blocks.0.conv1.bn.bias:weight_decay=0.0
2026/04/05 02:13:34 - mmengine - INFO - paramwise_options -- neck.top_down_blocks.1.blocks.0.conv2.depthwise_conv.bn.weight:weight_decay=0.0
2026/04/05 02:13:34 - mmengine - INFO - paramwise_options -- neck.top_down_blocks.1.blocks.0.conv2.depthwise_conv.bn.bias:weight_decay=0.0
2026/04/05 02:13:34 - mmengine - INFO - paramwise_options -- neck.top_down_blocks.1.blocks.0.conv2.pointwise_conv.bn.weight:weight_decay=0.0
2026/04/05 02:13:34 - mmengine - INFO - paramwise_options -- neck.top_down_blocks.1.blocks.0.conv2.pointwise_conv.bn.bias:weight_decay=0.0
2026/04/05 02:13:34 - mmengine - INFO - paramwise_options -- neck.downsamples.0.bn.weight:weight_decay=0.0
2026/04/05 02:13:34 - mmengine - INFO - paramwise_options -- neck.downsamples.0.bn.bias:weight_decay=0.0
2026/04/05 02:13:34 - mmengine - INFO - paramwise_options -- neck.downsamples.1.bn.weight:weight_decay=0.0
2026/04/05 02:13:34 - mmengine - INFO - paramwise_options -- neck.downsamples.1.bn.bias:weight_decay=0.0
2026/04/05 02:13:34 - mmengine - INFO - paramwise_options -- neck.bottom_up_blocks.0.main_conv.bn.weight:weight_decay=0.0
2026/04/05 02:13:34 - mmengine - INFO - paramwise_options -- neck.bottom_up_blocks.0.main_conv.bn.bias:weight_decay=0.0
2026/04/05 02:13:34 - mmengine - INFO - paramwise_options -- neck.bottom_up_blocks.0.short_conv.bn.weight:weight_decay=0.0
2026/04/05 02:13:34 - mmengine - INFO - paramwise_options -- neck.bottom_up_blocks.0.short_conv.bn.bias:weight_decay=0.0
2026/04/05 02:13:34 - mmengine - INFO - paramwise_options -- neck.bottom_up_blocks.0.final_conv.bn.weight:weight_decay=0.0
2026/04/05 02:13:34 - mmengine - INFO - paramwise_options -- neck.bottom_up_blocks.0.final_conv.bn.bias:weight_decay=0.0
2026/04/05 02:13:34 - mmengine - INFO - paramwise_options -- neck.bottom_up_blocks.0.blocks.0.conv1.bn.weight:weight_decay=0.0
2026/04/05 02:13:34 - mmengine - INFO - paramwise_options -- neck.bottom_up_blocks.0.blocks.0.conv1.bn.bias:weight_decay=0.0
2026/04/05 02:13:34 - mmengine - INFO - paramwise_options -- neck.bottom_up_blocks.0.blocks.0.conv2.depthwise_conv.bn.weight:weight_decay=0.0
2026/04/05 02:13:34 - mmengine - INFO - paramwise_options -- neck.bottom_up_blocks.0.blocks.0.conv2.depthwise_conv.bn.bias:weight_decay=0.0
2026/04/05 02:13:34 - mmengine - INFO - paramwise_options -- neck.bottom_up_blocks.0.blocks.0.conv2.pointwise_conv.bn.weight:weight_decay=0.0
2026/04/05 02:13:34 - mmengine - INFO - paramwise_options -- neck.bottom_up_blocks.0.blocks.0.conv2.pointwise_conv.bn.bias:weight_decay=0.0
2026/04/05 02:13:34 - mmengine - INFO - paramwise_options -- neck.bottom_up_blocks.1.main_conv.bn.weight:weight_decay=0.0
2026/04/05 02:13:34 - mmengine - INFO - paramwise_options -- neck.bottom_up_blocks.1.main_conv.bn.bias:weight_decay=0.0
2026/04/05 02:13:34 - mmengine - INFO - paramwise_options -- neck.bottom_up_blocks.1.short_conv.bn.weight:weight_decay=0.0
2026/04/05 02:13:34 - mmengine - INFO - paramwise_options -- neck.bottom_up_blocks.1.short_conv.bn.bias:weight_decay=0.0
2026/04/05 02:13:34 - mmengine - INFO - paramwise_options -- neck.bottom_up_blocks.1.final_conv.bn.weight:weight_decay=0.0
2026/04/05 02:13:34 - mmengine - INFO - paramwise_options -- neck.bottom_up_blocks.1.final_conv.bn.bias:weight_decay=0.0
2026/04/05 02:13:34 - mmengine - INFO - paramwise_options -- neck.bottom_up_blocks.1.blocks.0.conv1.bn.weight:weight_decay=0.0
2026/04/05 02:13:34 - mmengine - INFO - paramwise_options -- neck.bottom_up_blocks.1.blocks.0.conv1.bn.bias:weight_decay=0.0
2026/04/05 02:13:34 - mmengine - INFO - paramwise_options -- neck.bottom_up_blocks.1.blocks.0.conv2.depthwise_conv.bn.weight:weight_decay=0.0
2026/04/05 02:13:34 - mmengine - INFO - paramwise_options -- neck.bottom_up_blocks.1.blocks.0.conv2.depthwise_conv.bn.bias:weight_decay=0.0
2026/04/05 02:13:34 - mmengine - INFO - paramwise_options -- neck.bottom_up_blocks.1.blocks.0.conv2.pointwise_conv.bn.weight:weight_decay=0.0
2026/04/05 02:13:34 - mmengine - INFO - paramwise_options -- neck.bottom_up_blocks.1.blocks.0.conv2.pointwise_conv.bn.bias:weight_decay=0.0
2026/04/05 02:13:34 - mmengine - INFO - paramwise_options -- neck.out_convs.0.bn.weight:weight_decay=0.0
2026/04/05 02:13:34 - mmengine - INFO - paramwise_options -- neck.out_convs.0.bn.bias:weight_decay=0.0
2026/04/05 02:13:34 - mmengine - INFO - paramwise_options -- neck.out_convs.1.bn.weight:weight_decay=0.0
2026/04/05 02:13:34 - mmengine - INFO - paramwise_options -- neck.out_convs.1.bn.bias:weight_decay=0.0
2026/04/05 02:13:34 - mmengine - INFO - paramwise_options -- neck.out_convs.2.bn.weight:weight_decay=0.0
2026/04/05 02:13:34 - mmengine - INFO - paramwise_options -- neck.out_convs.2.bn.bias:weight_decay=0.0
2026/04/05 02:13:34 - mmengine - INFO - paramwise_options -- bbox_head.cls_convs.0.0.bn.weight:weight_decay=0.0
2026/04/05 02:13:34 - mmengine - INFO - paramwise_options -- bbox_head.cls_convs.0.0.bn.bias:weight_decay=0.0
2026/04/05 02:13:34 - mmengine - INFO - paramwise_options -- bbox_head.cls_convs.0.1.bn.weight:weight_decay=0.0
2026/04/05 02:13:34 - mmengine - INFO - paramwise_options -- bbox_head.cls_convs.0.1.bn.bias:weight_decay=0.0
2026/04/05 02:13:34 - mmengine - WARNING - bbox_head.cls_convs.1.0.conv is duplicate. It is skipped since bypass_duplicate=True
2026/04/05 02:13:34 - mmengine - INFO - paramwise_options -- bbox_head.cls_convs.1.0.bn.weight:weight_decay=0.0
2026/04/05 02:13:34 - mmengine - INFO - paramwise_options -- bbox_head.cls_convs.1.0.bn.bias:weight_decay=0.0
2026/04/05 02:13:34 - mmengine - WARNING - bbox_head.cls_convs.1.1.conv is duplicate. It is skipped since bypass_duplicate=True
2026/04/05 02:13:34 - mmengine - INFO - paramwise_options -- bbox_head.cls_convs.1.1.bn.weight:weight_decay=0.0
2026/04/05 02:13:34 - mmengine - INFO - paramwise_options -- bbox_head.cls_convs.1.1.bn.bias:weight_decay=0.0
2026/04/05 02:13:34 - mmengine - WARNING - bbox_head.cls_convs.2.0.conv is duplicate. It is skipped since bypass_duplicate=True
2026/04/05 02:13:34 - mmengine - INFO - paramwise_options -- bbox_head.cls_convs.2.0.bn.weight:weight_decay=0.0
2026/04/05 02:13:34 - mmengine - INFO - paramwise_options -- bbox_head.cls_convs.2.0.bn.bias:weight_decay=0.0
2026/04/05 02:13:34 - mmengine - WARNING - bbox_head.cls_convs.2.1.conv is duplicate. It is skipped since bypass_duplicate=True
2026/04/05 02:13:34 - mmengine - INFO - paramwise_options -- bbox_head.cls_convs.2.1.bn.weight:weight_decay=0.0
2026/04/05 02:13:34 - mmengine - INFO - paramwise_options -- bbox_head.cls_convs.2.1.bn.bias:weight_decay=0.0
2026/04/05 02:13:34 - mmengine - INFO - paramwise_options -- bbox_head.reg_convs.0.0.bn.weight:weight_decay=0.0
2026/04/05 02:13:34 - mmengine - INFO - paramwise_options -- bbox_head.reg_convs.0.0.bn.bias:weight_decay=0.0
2026/04/05 02:13:34 - mmengine - INFO - paramwise_options -- bbox_head.reg_convs.0.1.bn.weight:weight_decay=0.0
2026/04/05 02:13:34 - mmengine - INFO - paramwise_options -- bbox_head.reg_convs.0.1.bn.bias:weight_decay=0.0
2026/04/05 02:13:34 - mmengine - WARNING - bbox_head.reg_convs.1.0.conv is duplicate. It is skipped since bypass_duplicate=True
2026/04/05 02:13:34 - mmengine - INFO - paramwise_options -- bbox_head.reg_convs.1.0.bn.weight:weight_decay=0.0
2026/04/05 02:13:34 - mmengine - INFO - paramwise_options -- bbox_head.reg_convs.1.0.bn.bias:weight_decay=0.0
2026/04/05 02:13:34 - mmengine - WARNING - bbox_head.reg_convs.1.1.conv is duplicate. It is skipped since bypass_duplicate=True
2026/04/05 02:13:34 - mmengine - INFO - paramwise_options -- bbox_head.reg_convs.1.1.bn.weight:weight_decay=0.0
2026/04/05 02:13:34 - mmengine - INFO - paramwise_options -- bbox_head.reg_convs.1.1.bn.bias:weight_decay=0.0
2026/04/05 02:13:34 - mmengine - WARNING - bbox_head.reg_convs.2.0.conv is duplicate. It is skipped since bypass_duplicate=True
2026/04/05 02:13:34 - mmengine - INFO - paramwise_options -- bbox_head.reg_convs.2.0.bn.weight:weight_decay=0.0
2026/04/05 02:13:34 - mmengine - INFO - paramwise_options -- bbox_head.reg_convs.2.0.bn.bias:weight_decay=0.0
2026/04/05 02:13:34 - mmengine - WARNING - bbox_head.reg_convs.2.1.conv is duplicate. It is skipped since bypass_duplicate=True
2026/04/05 02:13:34 - mmengine - INFO - paramwise_options -- bbox_head.reg_convs.2.1.bn.weight:weight_decay=0.0
2026/04/05 02:13:34 - mmengine - INFO - paramwise_options -- bbox_head.reg_convs.2.1.bn.bias:weight_decay=0.0
2026/04/05 02:13:34 - mmengine - INFO - paramwise_options -- bbox_head.rtm_cls.0.bias:weight_decay=0.0
2026/04/05 02:13:34 - mmengine - INFO - paramwise_options -- bbox_head.rtm_cls.1.bias:weight_decay=0.0
2026/04/05 02:13:34 - mmengine - INFO - paramwise_options -- bbox_head.rtm_cls.2.bias:weight_decay=0.0
2026/04/05 02:13:34 - mmengine - INFO - paramwise_options -- bbox_head.rtm_reg.0.bias:weight_decay=0.0
2026/04/05 02:13:34 - mmengine - INFO - paramwise_options -- bbox_head.rtm_reg.1.bias:weight_decay=0.0
2026/04/05 02:13:34 - mmengine - INFO - paramwise_options -- bbox_head.rtm_reg.2.bias:weight_decay=0.0
2026/04/05 02:13:34 - mmengine - INFO - LR is set based on batch size of 16 and the current batch size is 32. Scaling the original LR by 2.0.
2026/04/05 02:13:36 - mmengine - INFO - load backbone. in model from: https://download.openmmlab.com/mmdetection/v3.0/rtmdet/cspnext_rsb_pretrain/cspnext-tiny_imagenet_600e.pth
Name of parameter - Initialization information

backbone.stem.0.conv.weight - torch.Size([12, 3, 3, 3]): 
PretrainedInit: load from https://download.openmmlab.com/mmdetection/v3.0/rtmdet/cspnext_rsb_pretrain/cspnext-tiny_imagenet_600e.pth 

backbone.stem.0.bn.weight - torch.Size([12]): 
PretrainedInit: load from https://download.openmmlab.com/mmdetection/v3.0/rtmdet/cspnext_rsb_pretrain/cspnext-tiny_imagenet_600e.pth 

backbone.stem.0.bn.bias - torch.Size([12]): 
PretrainedInit: load from https://download.openmmlab.com/mmdetection/v3.0/rtmdet/cspnext_rsb_pretrain/cspnext-tiny_imagenet_600e.pth 

backbone.stem.1.conv.weight - torch.Size([12, 12, 3, 3]): 
PretrainedInit: load from https://download.openmmlab.com/mmdetection/v3.0/rtmdet/cspnext_rsb_pretrain/cspnext-tiny_imagenet_600e.pth 

backbone.stem.1.bn.weight - torch.Size([12]): 
PretrainedInit: load from https://download.openmmlab.com/mmdetection/v3.0/rtmdet/cspnext_rsb_pretrain/cspnext-tiny_imagenet_600e.pth 

backbone.stem.1.bn.bias - torch.Size([12]): 
PretrainedInit: load from https://download.openmmlab.com/mmdetection/v3.0/rtmdet/cspnext_rsb_pretrain/cspnext-tiny_imagenet_600e.pth 

backbone.stem.2.conv.weight - torch.Size([24, 12, 3, 3]): 
PretrainedInit: load from https://download.openmmlab.com/mmdetection/v3.0/rtmdet/cspnext_rsb_pretrain/cspnext-tiny_imagenet_600e.pth 

backbone.stem.2.bn.weight - torch.Size([24]): 
PretrainedInit: load from https://download.openmmlab.com/mmdetection/v3.0/rtmdet/cspnext_rsb_pretrain/cspnext-tiny_imagenet_600e.pth 

backbone.stem.2.bn.bias - torch.Size([24]): 
PretrainedInit: load from https://download.openmmlab.com/mmdetection/v3.0/rtmdet/cspnext_rsb_pretrain/cspnext-tiny_imagenet_600e.pth 

backbone.stage1.0.conv.weight - torch.Size([48, 24, 3, 3]): 
PretrainedInit: load from https://download.openmmlab.com/mmdetection/v3.0/rtmdet/cspnext_rsb_pretrain/cspnext-tiny_imagenet_600e.pth 

backbone.stage1.0.bn.weight - torch.Size([48]): 
PretrainedInit: load from https://download.openmmlab.com/mmdetection/v3.0/rtmdet/cspnext_rsb_pretrain/cspnext-tiny_imagenet_600e.pth 

backbone.stage1.0.bn.bias - torch.Size([48]): 
PretrainedInit: load from https://download.openmmlab.com/mmdetection/v3.0/rtmdet/cspnext_rsb_pretrain/cspnext-tiny_imagenet_600e.pth 

backbone.stage1.1.main_conv.conv.weight - torch.Size([24, 48, 1, 1]): 
PretrainedInit: load from https://download.openmmlab.com/mmdetection/v3.0/rtmdet/cspnext_rsb_pretrain/cspnext-tiny_imagenet_600e.pth 

backbone.stage1.1.main_conv.bn.weight - torch.Size([24]): 
PretrainedInit: load from https://download.openmmlab.com/mmdetection/v3.0/rtmdet/cspnext_rsb_pretrain/cspnext-tiny_imagenet_600e.pth 

backbone.stage1.1.main_conv.bn.bias - torch.Size([24]): 
PretrainedInit: load from https://download.openmmlab.com/mmdetection/v3.0/rtmdet/cspnext_rsb_pretrain/cspnext-tiny_imagenet_600e.pth 

backbone.stage1.1.short_conv.conv.weight - torch.Size([24, 48, 1, 1]): 
PretrainedInit: load from https://download.openmmlab.com/mmdetection/v3.0/rtmdet/cspnext_rsb_pretrain/cspnext-tiny_imagenet_600e.pth 

backbone.stage1.1.short_conv.bn.weight - torch.Size([24]): 
PretrainedInit: load from https://download.openmmlab.com/mmdetection/v3.0/rtmdet/cspnext_rsb_pretrain/cspnext-tiny_imagenet_600e.pth 

backbone.stage1.1.short_conv.bn.bias - torch.Size([24]): 
PretrainedInit: load from https://download.openmmlab.com/mmdetection/v3.0/rtmdet/cspnext_rsb_pretrain/cspnext-tiny_imagenet_600e.pth 

backbone.stage1.1.final_conv.conv.weight - torch.Size([48, 48, 1, 1]): 
PretrainedInit: load from https://download.openmmlab.com/mmdetection/v3.0/rtmdet/cspnext_rsb_pretrain/cspnext-tiny_imagenet_600e.pth 

backbone.stage1.1.final_conv.bn.weight - torch.Size([48]): 
PretrainedInit: load from https://download.openmmlab.com/mmdetection/v3.0/rtmdet/cspnext_rsb_pretrain/cspnext-tiny_imagenet_600e.pth 

backbone.stage1.1.final_conv.bn.bias - torch.Size([48]): 
PretrainedInit: load from https://download.openmmlab.com/mmdetection/v3.0/rtmdet/cspnext_rsb_pretrain/cspnext-tiny_imagenet_600e.pth 

backbone.stage1.1.blocks.0.conv1.conv.weight - torch.Size([24, 24, 3, 3]): 
PretrainedInit: load from https://download.openmmlab.com/mmdetection/v3.0/rtmdet/cspnext_rsb_pretrain/cspnext-tiny_imagenet_600e.pth 

backbone.stage1.1.blocks.0.conv1.bn.weight - torch.Size([24]): 
PretrainedInit: load from https://download.openmmlab.com/mmdetection/v3.0/rtmdet/cspnext_rsb_pretrain/cspnext-tiny_imagenet_600e.pth 

backbone.stage1.1.blocks.0.conv1.bn.bias - torch.Size([24]): 
PretrainedInit: load from https://download.openmmlab.com/mmdetection/v3.0/rtmdet/cspnext_rsb_pretrain/cspnext-tiny_imagenet_600e.pth 

backbone.stage1.1.blocks.0.conv2.depthwise_conv.conv.weight - torch.Size([24, 1, 5, 5]): 
PretrainedInit: load from https://download.openmmlab.com/mmdetection/v3.0/rtmdet/cspnext_rsb_pretrain/cspnext-tiny_imagenet_600e.pth 

backbone.stage1.1.blocks.0.conv2.depthwise_conv.bn.weight - torch.Size([24]): 
PretrainedInit: load from https://download.openmmlab.com/mmdetection/v3.0/rtmdet/cspnext_rsb_pretrain/cspnext-tiny_imagenet_600e.pth 

backbone.stage1.1.blocks.0.conv2.depthwise_conv.bn.bias - torch.Size([24]): 
PretrainedInit: load from https://download.openmmlab.com/mmdetection/v3.0/rtmdet/cspnext_rsb_pretrain/cspnext-tiny_imagenet_600e.pth 

backbone.stage1.1.blocks.0.conv2.pointwise_conv.conv.weight - torch.Size([24, 24, 1, 1]): 
PretrainedInit: load from https://download.openmmlab.com/mmdetection/v3.0/rtmdet/cspnext_rsb_pretrain/cspnext-tiny_imagenet_600e.pth 

backbone.stage1.1.blocks.0.conv2.pointwise_conv.bn.weight - torch.Size([24]): 
PretrainedInit: load from https://download.openmmlab.com/mmdetection/v3.0/rtmdet/cspnext_rsb_pretrain/cspnext-tiny_imagenet_600e.pth 

backbone.stage1.1.blocks.0.conv2.pointwise_conv.bn.bias - torch.Size([24]): 
PretrainedInit: load from https://download.openmmlab.com/mmdetection/v3.0/rtmdet/cspnext_rsb_pretrain/cspnext-tiny_imagenet_600e.pth 

backbone.stage1.1.attention.fc.weight - torch.Size([48, 48, 1, 1]): 
PretrainedInit: load from https://download.openmmlab.com/mmdetection/v3.0/rtmdet/cspnext_rsb_pretrain/cspnext-tiny_imagenet_600e.pth 

backbone.stage1.1.attention.fc.bias - torch.Size([48]): 
PretrainedInit: load from https://download.openmmlab.com/mmdetection/v3.0/rtmdet/cspnext_rsb_pretrain/cspnext-tiny_imagenet_600e.pth 

backbone.stage2.0.conv.weight - torch.Size([96, 48, 3, 3]): 
PretrainedInit: load from https://download.openmmlab.com/mmdetection/v3.0/rtmdet/cspnext_rsb_pretrain/cspnext-tiny_imagenet_600e.pth 

backbone.stage2.0.bn.weight - torch.Size([96]): 
PretrainedInit: load from https://download.openmmlab.com/mmdetection/v3.0/rtmdet/cspnext_rsb_pretrain/cspnext-tiny_imagenet_600e.pth 

backbone.stage2.0.bn.bias - torch.Size([96]): 
PretrainedInit: load from https://download.openmmlab.com/mmdetection/v3.0/rtmdet/cspnext_rsb_pretrain/cspnext-tiny_imagenet_600e.pth 

backbone.stage2.1.main_conv.conv.weight - torch.Size([48, 96, 1, 1]): 
PretrainedInit: load from https://download.openmmlab.com/mmdetection/v3.0/rtmdet/cspnext_rsb_pretrain/cspnext-tiny_imagenet_600e.pth 

backbone.stage2.1.main_conv.bn.weight - torch.Size([48]): 
PretrainedInit: load from https://download.openmmlab.com/mmdetection/v3.0/rtmdet/cspnext_rsb_pretrain/cspnext-tiny_imagenet_600e.pth 

backbone.stage2.1.main_conv.bn.bias - torch.Size([48]): 
PretrainedInit: load from https://download.openmmlab.com/mmdetection/v3.0/rtmdet/cspnext_rsb_pretrain/cspnext-tiny_imagenet_600e.pth 

backbone.stage2.1.short_conv.conv.weight - torch.Size([48, 96, 1, 1]): 
PretrainedInit: load from https://download.openmmlab.com/mmdetection/v3.0/rtmdet/cspnext_rsb_pretrain/cspnext-tiny_imagenet_600e.pth 

backbone.stage2.1.short_conv.bn.weight - torch.Size([48]): 
PretrainedInit: load from https://download.openmmlab.com/mmdetection/v3.0/rtmdet/cspnext_rsb_pretrain/cspnext-tiny_imagenet_600e.pth 

backbone.stage2.1.short_conv.bn.bias - torch.Size([48]): 
PretrainedInit: load from https://download.openmmlab.com/mmdetection/v3.0/rtmdet/cspnext_rsb_pretrain/cspnext-tiny_imagenet_600e.pth 

backbone.stage2.1.final_conv.conv.weight - torch.Size([96, 96, 1, 1]): 
PretrainedInit: load from https://download.openmmlab.com/mmdetection/v3.0/rtmdet/cspnext_rsb_pretrain/cspnext-tiny_imagenet_600e.pth 

backbone.stage2.1.final_conv.bn.weight - torch.Size([96]): 
PretrainedInit: load from https://download.openmmlab.com/mmdetection/v3.0/rtmdet/cspnext_rsb_pretrain/cspnext-tiny_imagenet_600e.pth 

backbone.stage2.1.final_conv.bn.bias - torch.Size([96]): 
PretrainedInit: load from https://download.openmmlab.com/mmdetection/v3.0/rtmdet/cspnext_rsb_pretrain/cspnext-tiny_imagenet_600e.pth 

backbone.stage2.1.blocks.0.conv1.conv.weight - torch.Size([48, 48, 3, 3]): 
PretrainedInit: load from https://download.openmmlab.com/mmdetection/v3.0/rtmdet/cspnext_rsb_pretrain/cspnext-tiny_imagenet_600e.pth 

backbone.stage2.1.blocks.0.conv1.bn.weight - torch.Size([48]): 
PretrainedInit: load from https://download.openmmlab.com/mmdetection/v3.0/rtmdet/cspnext_rsb_pretrain/cspnext-tiny_imagenet_600e.pth 

backbone.stage2.1.blocks.0.conv1.bn.bias - torch.Size([48]): 
PretrainedInit: load from https://download.openmmlab.com/mmdetection/v3.0/rtmdet/cspnext_rsb_pretrain/cspnext-tiny_imagenet_600e.pth 

backbone.stage2.1.blocks.0.conv2.depthwise_conv.conv.weight - torch.Size([48, 1, 5, 5]): 
PretrainedInit: load from https://download.openmmlab.com/mmdetection/v3.0/rtmdet/cspnext_rsb_pretrain/cspnext-tiny_imagenet_600e.pth 

backbone.stage2.1.blocks.0.conv2.depthwise_conv.bn.weight - torch.Size([48]): 
PretrainedInit: load from https://download.openmmlab.com/mmdetection/v3.0/rtmdet/cspnext_rsb_pretrain/cspnext-tiny_imagenet_600e.pth 

backbone.stage2.1.blocks.0.conv2.depthwise_conv.bn.bias - torch.Size([48]): 
PretrainedInit: load from https://download.openmmlab.com/mmdetection/v3.0/rtmdet/cspnext_rsb_pretrain/cspnext-tiny_imagenet_600e.pth 

backbone.stage2.1.blocks.0.conv2.pointwise_conv.conv.weight - torch.Size([48, 48, 1, 1]): 
PretrainedInit: load from https://download.openmmlab.com/mmdetection/v3.0/rtmdet/cspnext_rsb_pretrain/cspnext-tiny_imagenet_600e.pth 

backbone.stage2.1.blocks.0.conv2.pointwise_conv.bn.weight - torch.Size([48]): 
PretrainedInit: load from https://download.openmmlab.com/mmdetection/v3.0/rtmdet/cspnext_rsb_pretrain/cspnext-tiny_imagenet_600e.pth 

backbone.stage2.1.blocks.0.conv2.pointwise_conv.bn.bias - torch.Size([48]): 
PretrainedInit: load from https://download.openmmlab.com/mmdetection/v3.0/rtmdet/cspnext_rsb_pretrain/cspnext-tiny_imagenet_600e.pth 

backbone.stage2.1.attention.fc.weight - torch.Size([96, 96, 1, 1]): 
PretrainedInit: load from https://download.openmmlab.com/mmdetection/v3.0/rtmdet/cspnext_rsb_pretrain/cspnext-tiny_imagenet_600e.pth 

backbone.stage2.1.attention.fc.bias - torch.Size([96]): 
PretrainedInit: load from https://download.openmmlab.com/mmdetection/v3.0/rtmdet/cspnext_rsb_pretrain/cspnext-tiny_imagenet_600e.pth 

backbone.stage3.0.conv.weight - torch.Size([192, 96, 3, 3]): 
PretrainedInit: load from https://download.openmmlab.com/mmdetection/v3.0/rtmdet/cspnext_rsb_pretrain/cspnext-tiny_imagenet_600e.pth 

backbone.stage3.0.bn.weight - torch.Size([192]): 
PretrainedInit: load from https://download.openmmlab.com/mmdetection/v3.0/rtmdet/cspnext_rsb_pretrain/cspnext-tiny_imagenet_600e.pth 

backbone.stage3.0.bn.bias - torch.Size([192]): 
PretrainedInit: load from https://download.openmmlab.com/mmdetection/v3.0/rtmdet/cspnext_rsb_pretrain/cspnext-tiny_imagenet_600e.pth 

backbone.stage3.1.main_conv.conv.weight - torch.Size([96, 192, 1, 1]): 
PretrainedInit: load from https://download.openmmlab.com/mmdetection/v3.0/rtmdet/cspnext_rsb_pretrain/cspnext-tiny_imagenet_600e.pth 

backbone.stage3.1.main_conv.bn.weight - torch.Size([96]): 
PretrainedInit: load from https://download.openmmlab.com/mmdetection/v3.0/rtmdet/cspnext_rsb_pretrain/cspnext-tiny_imagenet_600e.pth 

backbone.stage3.1.main_conv.bn.bias - torch.Size([96]): 
PretrainedInit: load from https://download.openmmlab.com/mmdetection/v3.0/rtmdet/cspnext_rsb_pretrain/cspnext-tiny_imagenet_600e.pth 

backbone.stage3.1.short_conv.conv.weight - torch.Size([96, 192, 1, 1]): 
PretrainedInit: load from https://download.openmmlab.com/mmdetection/v3.0/rtmdet/cspnext_rsb_pretrain/cspnext-tiny_imagenet_600e.pth 

backbone.stage3.1.short_conv.bn.weight - torch.Size([96]): 
PretrainedInit: load from https://download.openmmlab.com/mmdetection/v3.0/rtmdet/cspnext_rsb_pretrain/cspnext-tiny_imagenet_600e.pth 

backbone.stage3.1.short_conv.bn.bias - torch.Size([96]): 
PretrainedInit: load from https://download.openmmlab.com/mmdetection/v3.0/rtmdet/cspnext_rsb_pretrain/cspnext-tiny_imagenet_600e.pth 

backbone.stage3.1.final_conv.conv.weight - torch.Size([192, 192, 1, 1]): 
PretrainedInit: load from https://download.openmmlab.com/mmdetection/v3.0/rtmdet/cspnext_rsb_pretrain/cspnext-tiny_imagenet_600e.pth 

backbone.stage3.1.final_conv.bn.weight - torch.Size([192]): 
PretrainedInit: load from https://download.openmmlab.com/mmdetection/v3.0/rtmdet/cspnext_rsb_pretrain/cspnext-tiny_imagenet_600e.pth 

backbone.stage3.1.final_conv.bn.bias - torch.Size([192]): 
PretrainedInit: load from https://download.openmmlab.com/mmdetection/v3.0/rtmdet/cspnext_rsb_pretrain/cspnext-tiny_imagenet_600e.pth 

backbone.stage3.1.blocks.0.conv1.conv.weight - torch.Size([96, 96, 3, 3]): 
PretrainedInit: load from https://download.openmmlab.com/mmdetection/v3.0/rtmdet/cspnext_rsb_pretrain/cspnext-tiny_imagenet_600e.pth 

backbone.stage3.1.blocks.0.conv1.bn.weight - torch.Size([96]): 
PretrainedInit: load from https://download.openmmlab.com/mmdetection/v3.0/rtmdet/cspnext_rsb_pretrain/cspnext-tiny_imagenet_600e.pth 

backbone.stage3.1.blocks.0.conv1.bn.bias - torch.Size([96]): 
PretrainedInit: load from https://download.openmmlab.com/mmdetection/v3.0/rtmdet/cspnext_rsb_pretrain/cspnext-tiny_imagenet_600e.pth 

backbone.stage3.1.blocks.0.conv2.depthwise_conv.conv.weight - torch.Size([96, 1, 5, 5]): 
PretrainedInit: load from https://download.openmmlab.com/mmdetection/v3.0/rtmdet/cspnext_rsb_pretrain/cspnext-tiny_imagenet_600e.pth 

backbone.stage3.1.blocks.0.conv2.depthwise_conv.bn.weight - torch.Size([96]): 
PretrainedInit: load from https://download.openmmlab.com/mmdetection/v3.0/rtmdet/cspnext_rsb_pretrain/cspnext-tiny_imagenet_600e.pth 

backbone.stage3.1.blocks.0.conv2.depthwise_conv.bn.bias - torch.Size([96]): 
PretrainedInit: load from https://download.openmmlab.com/mmdetection/v3.0/rtmdet/cspnext_rsb_pretrain/cspnext-tiny_imagenet_600e.pth 

backbone.stage3.1.blocks.0.conv2.pointwise_conv.conv.weight - torch.Size([96, 96, 1, 1]): 
PretrainedInit: load from https://download.openmmlab.com/mmdetection/v3.0/rtmdet/cspnext_rsb_pretrain/cspnext-tiny_imagenet_600e.pth 

backbone.stage3.1.blocks.0.conv2.pointwise_conv.bn.weight - torch.Size([96]): 
PretrainedInit: load from https://download.openmmlab.com/mmdetection/v3.0/rtmdet/cspnext_rsb_pretrain/cspnext-tiny_imagenet_600e.pth 

backbone.stage3.1.blocks.0.conv2.pointwise_conv.bn.bias - torch.Size([96]): 
PretrainedInit: load from https://download.openmmlab.com/mmdetection/v3.0/rtmdet/cspnext_rsb_pretrain/cspnext-tiny_imagenet_600e.pth 

backbone.stage3.1.attention.fc.weight - torch.Size([192, 192, 1, 1]): 
PretrainedInit: load from https://download.openmmlab.com/mmdetection/v3.0/rtmdet/cspnext_rsb_pretrain/cspnext-tiny_imagenet_600e.pth 

backbone.stage3.1.attention.fc.bias - torch.Size([192]): 
PretrainedInit: load from https://download.openmmlab.com/mmdetection/v3.0/rtmdet/cspnext_rsb_pretrain/cspnext-tiny_imagenet_600e.pth 

backbone.stage4.0.conv.weight - torch.Size([384, 192, 3, 3]): 
PretrainedInit: load from https://download.openmmlab.com/mmdetection/v3.0/rtmdet/cspnext_rsb_pretrain/cspnext-tiny_imagenet_600e.pth 

backbone.stage4.0.bn.weight - torch.Size([384]): 
PretrainedInit: load from https://download.openmmlab.com/mmdetection/v3.0/rtmdet/cspnext_rsb_pretrain/cspnext-tiny_imagenet_600e.pth 

backbone.stage4.0.bn.bias - torch.Size([384]): 
PretrainedInit: load from https://download.openmmlab.com/mmdetection/v3.0/rtmdet/cspnext_rsb_pretrain/cspnext-tiny_imagenet_600e.pth 

backbone.stage4.1.conv1.conv.weight - torch.Size([192, 384, 1, 1]): 
PretrainedInit: load from https://download.openmmlab.com/mmdetection/v3.0/rtmdet/cspnext_rsb_pretrain/cspnext-tiny_imagenet_600e.pth 

backbone.stage4.1.conv1.bn.weight - torch.Size([192]): 
PretrainedInit: load from https://download.openmmlab.com/mmdetection/v3.0/rtmdet/cspnext_rsb_pretrain/cspnext-tiny_imagenet_600e.pth 

backbone.stage4.1.conv1.bn.bias - torch.Size([192]): 
PretrainedInit: load from https://download.openmmlab.com/mmdetection/v3.0/rtmdet/cspnext_rsb_pretrain/cspnext-tiny_imagenet_600e.pth 

backbone.stage4.1.conv2.conv.weight - torch.Size([384, 768, 1, 1]): 
PretrainedInit: load from https://download.openmmlab.com/mmdetection/v3.0/rtmdet/cspnext_rsb_pretrain/cspnext-tiny_imagenet_600e.pth 

backbone.stage4.1.conv2.bn.weight - torch.Size([384]): 
PretrainedInit: load from https://download.openmmlab.com/mmdetection/v3.0/rtmdet/cspnext_rsb_pretrain/cspnext-tiny_imagenet_600e.pth 

backbone.stage4.1.conv2.bn.bias - torch.Size([384]): 
PretrainedInit: load from https://download.openmmlab.com/mmdetection/v3.0/rtmdet/cspnext_rsb_pretrain/cspnext-tiny_imagenet_600e.pth 

backbone.stage4.2.main_conv.conv.weight - torch.Size([192, 384, 1, 1]): 
PretrainedInit: load from https://download.openmmlab.com/mmdetection/v3.0/rtmdet/cspnext_rsb_pretrain/cspnext-tiny_imagenet_600e.pth 

backbone.stage4.2.main_conv.bn.weight - torch.Size([192]): 
PretrainedInit: load from https://download.openmmlab.com/mmdetection/v3.0/rtmdet/cspnext_rsb_pretrain/cspnext-tiny_imagenet_600e.pth 

backbone.stage4.2.main_conv.bn.bias - torch.Size([192]): 
PretrainedInit: load from https://download.openmmlab.com/mmdetection/v3.0/rtmdet/cspnext_rsb_pretrain/cspnext-tiny_imagenet_600e.pth 

backbone.stage4.2.short_conv.conv.weight - torch.Size([192, 384, 1, 1]): 
PretrainedInit: load from https://download.openmmlab.com/mmdetection/v3.0/rtmdet/cspnext_rsb_pretrain/cspnext-tiny_imagenet_600e.pth 

backbone.stage4.2.short_conv.bn.weight - torch.Size([192]): 
PretrainedInit: load from https://download.openmmlab.com/mmdetection/v3.0/rtmdet/cspnext_rsb_pretrain/cspnext-tiny_imagenet_600e.pth 

backbone.stage4.2.short_conv.bn.bias - torch.Size([192]): 
PretrainedInit: load from https://download.openmmlab.com/mmdetection/v3.0/rtmdet/cspnext_rsb_pretrain/cspnext-tiny_imagenet_600e.pth 

backbone.stage4.2.final_conv.conv.weight - torch.Size([384, 384, 1, 1]): 
PretrainedInit: load from https://download.openmmlab.com/mmdetection/v3.0/rtmdet/cspnext_rsb_pretrain/cspnext-tiny_imagenet_600e.pth 

backbone.stage4.2.final_conv.bn.weight - torch.Size([384]): 
PretrainedInit: load from https://download.openmmlab.com/mmdetection/v3.0/rtmdet/cspnext_rsb_pretrain/cspnext-tiny_imagenet_600e.pth 

backbone.stage4.2.final_conv.bn.bias - torch.Size([384]): 
PretrainedInit: load from https://download.openmmlab.com/mmdetection/v3.0/rtmdet/cspnext_rsb_pretrain/cspnext-tiny_imagenet_600e.pth 

backbone.stage4.2.blocks.0.conv1.conv.weight - torch.Size([192, 192, 3, 3]): 
PretrainedInit: load from https://download.openmmlab.com/mmdetection/v3.0/rtmdet/cspnext_rsb_pretrain/cspnext-tiny_imagenet_600e.pth 

backbone.stage4.2.blocks.0.conv1.bn.weight - torch.Size([192]): 
PretrainedInit: load from https://download.openmmlab.com/mmdetection/v3.0/rtmdet/cspnext_rsb_pretrain/cspnext-tiny_imagenet_600e.pth 

backbone.stage4.2.blocks.0.conv1.bn.bias - torch.Size([192]): 
PretrainedInit: load from https://download.openmmlab.com/mmdetection/v3.0/rtmdet/cspnext_rsb_pretrain/cspnext-tiny_imagenet_600e.pth 

backbone.stage4.2.blocks.0.conv2.depthwise_conv.conv.weight - torch.Size([192, 1, 5, 5]): 
PretrainedInit: load from https://download.openmmlab.com/mmdetection/v3.0/rtmdet/cspnext_rsb_pretrain/cspnext-tiny_imagenet_600e.pth 

backbone.stage4.2.blocks.0.conv2.depthwise_conv.bn.weight - torch.Size([192]): 
PretrainedInit: load from https://download.openmmlab.com/mmdetection/v3.0/rtmdet/cspnext_rsb_pretrain/cspnext-tiny_imagenet_600e.pth 

backbone.stage4.2.blocks.0.conv2.depthwise_conv.bn.bias - torch.Size([192]): 
PretrainedInit: load from https://download.openmmlab.com/mmdetection/v3.0/rtmdet/cspnext_rsb_pretrain/cspnext-tiny_imagenet_600e.pth 

backbone.stage4.2.blocks.0.conv2.pointwise_conv.conv.weight - torch.Size([192, 192, 1, 1]): 
PretrainedInit: load from https://download.openmmlab.com/mmdetection/v3.0/rtmdet/cspnext_rsb_pretrain/cspnext-tiny_imagenet_600e.pth 

backbone.stage4.2.blocks.0.conv2.pointwise_conv.bn.weight - torch.Size([192]): 
PretrainedInit: load from https://download.openmmlab.com/mmdetection/v3.0/rtmdet/cspnext_rsb_pretrain/cspnext-tiny_imagenet_600e.pth 

backbone.stage4.2.blocks.0.conv2.pointwise_conv.bn.bias - torch.Size([192]): 
PretrainedInit: load from https://download.openmmlab.com/mmdetection/v3.0/rtmdet/cspnext_rsb_pretrain/cspnext-tiny_imagenet_600e.pth 

backbone.stage4.2.attention.fc.weight - torch.Size([384, 384, 1, 1]): 
PretrainedInit: load from https://download.openmmlab.com/mmdetection/v3.0/rtmdet/cspnext_rsb_pretrain/cspnext-tiny_imagenet_600e.pth 

backbone.stage4.2.attention.fc.bias - torch.Size([384]): 
PretrainedInit: load from https://download.openmmlab.com/mmdetection/v3.0/rtmdet/cspnext_rsb_pretrain/cspnext-tiny_imagenet_600e.pth 

neck.reduce_layers.0.conv.weight - torch.Size([192, 384, 1, 1]): 
KaimingInit: a=2.23606797749979, mode=fan_in, nonlinearity=leaky_relu, distribution =uniform, bias=0 

neck.reduce_layers.0.bn.weight - torch.Size([192]): 
The value is the same before and after calling `init_weights` of RTMDet  

neck.reduce_layers.0.bn.bias - torch.Size([192]): 
The value is the same before and after calling `init_weights` of RTMDet  

neck.reduce_layers.1.conv.weight - torch.Size([96, 192, 1, 1]): 
KaimingInit: a=2.23606797749979, mode=fan_in, nonlinearity=leaky_relu, distribution =uniform, bias=0 

neck.reduce_layers.1.bn.weight - torch.Size([96]): 
The value is the same before and after calling `init_weights` of RTMDet  

neck.reduce_layers.1.bn.bias - torch.Size([96]): 
The value is the same before and after calling `init_weights` of RTMDet  

neck.top_down_blocks.0.main_conv.conv.weight - torch.Size([96, 384, 1, 1]): 
KaimingInit: a=2.23606797749979, mode=fan_in, nonlinearity=leaky_relu, distribution =uniform, bias=0 

neck.top_down_blocks.0.main_conv.bn.weight - torch.Size([96]): 
The value is the same before and after calling `init_weights` of RTMDet  

neck.top_down_blocks.0.main_conv.bn.bias - torch.Size([96]): 
The value is the same before and after calling `init_weights` of RTMDet  

neck.top_down_blocks.0.short_conv.conv.weight - torch.Size([96, 384, 1, 1]): 
KaimingInit: a=2.23606797749979, mode=fan_in, nonlinearity=leaky_relu, distribution =uniform, bias=0 

neck.top_down_blocks.0.short_conv.bn.weight - torch.Size([96]): 
The value is the same before and after calling `init_weights` of RTMDet  

neck.top_down_blocks.0.short_conv.bn.bias - torch.Size([96]): 
The value is the same before and after calling `init_weights` of RTMDet  

neck.top_down_blocks.0.final_conv.conv.weight - torch.Size([192, 192, 1, 1]): 
KaimingInit: a=2.23606797749979, mode=fan_in, nonlinearity=leaky_relu, distribution =uniform, bias=0 

neck.top_down_blocks.0.final_conv.bn.weight - torch.Size([192]): 
The value is the same before and after calling `init_weights` of RTMDet  

neck.top_down_blocks.0.final_conv.bn.bias - torch.Size([192]): 
The value is the same before and after calling `init_weights` of RTMDet  

neck.top_down_blocks.0.blocks.0.conv1.conv.weight - torch.Size([96, 96, 3, 3]): 
KaimingInit: a=2.23606797749979, mode=fan_in, nonlinearity=leaky_relu, distribution =uniform, bias=0 

neck.top_down_blocks.0.blocks.0.conv1.bn.weight - torch.Size([96]): 
The value is the same before and after calling `init_weights` of RTMDet  

neck.top_down_blocks.0.blocks.0.conv1.bn.bias - torch.Size([96]): 
The value is the same before and after calling `init_weights` of RTMDet  

neck.top_down_blocks.0.blocks.0.conv2.depthwise_conv.conv.weight - torch.Size([96, 1, 5, 5]): 
KaimingInit: a=2.23606797749979, mode=fan_in, nonlinearity=leaky_relu, distribution =uniform, bias=0 

neck.top_down_blocks.0.blocks.0.conv2.depthwise_conv.bn.weight - torch.Size([96]): 
The value is the same before and after calling `init_weights` of RTMDet  

neck.top_down_blocks.0.blocks.0.conv2.depthwise_conv.bn.bias - torch.Size([96]): 
The value is the same before and after calling `init_weights` of RTMDet  

neck.top_down_blocks.0.blocks.0.conv2.pointwise_conv.conv.weight - torch.Size([96, 96, 1, 1]): 
KaimingInit: a=2.23606797749979, mode=fan_in, nonlinearity=leaky_relu, distribution =uniform, bias=0 

neck.top_down_blocks.0.blocks.0.conv2.pointwise_conv.bn.weight - torch.Size([96]): 
The value is the same before and after calling `init_weights` of RTMDet  

neck.top_down_blocks.0.blocks.0.conv2.pointwise_conv.bn.bias - torch.Size([96]): 
The value is the same before and after calling `init_weights` of RTMDet  

neck.top_down_blocks.1.main_conv.conv.weight - torch.Size([48, 192, 1, 1]): 
KaimingInit: a=2.23606797749979, mode=fan_in, nonlinearity=leaky_relu, distribution =uniform, bias=0 

neck.top_down_blocks.1.main_conv.bn.weight - torch.Size([48]): 
The value is the same before and after calling `init_weights` of RTMDet  

neck.top_down_blocks.1.main_conv.bn.bias - torch.Size([48]): 
The value is the same before and after calling `init_weights` of RTMDet  

neck.top_down_blocks.1.short_conv.conv.weight - torch.Size([48, 192, 1, 1]): 
KaimingInit: a=2.23606797749979, mode=fan_in, nonlinearity=leaky_relu, distribution =uniform, bias=0 

neck.top_down_blocks.1.short_conv.bn.weight - torch.Size([48]): 
The value is the same before and after calling `init_weights` of RTMDet  

neck.top_down_blocks.1.short_conv.bn.bias - torch.Size([48]): 
The value is the same before and after calling `init_weights` of RTMDet  

neck.top_down_blocks.1.final_conv.conv.weight - torch.Size([96, 96, 1, 1]): 
KaimingInit: a=2.23606797749979, mode=fan_in, nonlinearity=leaky_relu, distribution =uniform, bias=0 

neck.top_down_blocks.1.final_conv.bn.weight - torch.Size([96]): 
The value is the same before and after calling `init_weights` of RTMDet  

neck.top_down_blocks.1.final_conv.bn.bias - torch.Size([96]): 
The value is the same before and after calling `init_weights` of RTMDet  

neck.top_down_blocks.1.blocks.0.conv1.conv.weight - torch.Size([48, 48, 3, 3]): 
KaimingInit: a=2.23606797749979, mode=fan_in, nonlinearity=leaky_relu, distribution =uniform, bias=0 

neck.top_down_blocks.1.blocks.0.conv1.bn.weight - torch.Size([48]): 
The value is the same before and after calling `init_weights` of RTMDet  

neck.top_down_blocks.1.blocks.0.conv1.bn.bias - torch.Size([48]): 
The value is the same before and after calling `init_weights` of RTMDet  

neck.top_down_blocks.1.blocks.0.conv2.depthwise_conv.conv.weight - torch.Size([48, 1, 5, 5]): 
KaimingInit: a=2.23606797749979, mode=fan_in, nonlinearity=leaky_relu, distribution =uniform, bias=0 

neck.top_down_blocks.1.blocks.0.conv2.depthwise_conv.bn.weight - torch.Size([48]): 
The value is the same before and after calling `init_weights` of RTMDet  

neck.top_down_blocks.1.blocks.0.conv2.depthwise_conv.bn.bias - torch.Size([48]): 
The value is the same before and after calling `init_weights` of RTMDet  

neck.top_down_blocks.1.blocks.0.conv2.pointwise_conv.conv.weight - torch.Size([48, 48, 1, 1]): 
KaimingInit: a=2.23606797749979, mode=fan_in, nonlinearity=leaky_relu, distribution =uniform, bias=0 

neck.top_down_blocks.1.blocks.0.conv2.pointwise_conv.bn.weight - torch.Size([48]): 
The value is the same before and after calling `init_weights` of RTMDet  

neck.top_down_blocks.1.blocks.0.conv2.pointwise_conv.bn.bias - torch.Size([48]): 
The value is the same before and after calling `init_weights` of RTMDet  

neck.downsamples.0.conv.weight - torch.Size([96, 96, 3, 3]): 
KaimingInit: a=2.23606797749979, mode=fan_in, nonlinearity=leaky_relu, distribution =uniform, bias=0 

neck.downsamples.0.bn.weight - torch.Size([96]): 
The value is the same before and after calling `init_weights` of RTMDet  

neck.downsamples.0.bn.bias - torch.Size([96]): 
The value is the same before and after calling `init_weights` of RTMDet  

neck.downsamples.1.conv.weight - torch.Size([192, 192, 3, 3]): 
KaimingInit: a=2.23606797749979, mode=fan_in, nonlinearity=leaky_relu, distribution =uniform, bias=0 

neck.downsamples.1.bn.weight - torch.Size([192]): 
The value is the same before and after calling `init_weights` of RTMDet  

neck.downsamples.1.bn.bias - torch.Size([192]): 
The value is the same before and after calling `init_weights` of RTMDet  

neck.bottom_up_blocks.0.main_conv.conv.weight - torch.Size([96, 192, 1, 1]): 
KaimingInit: a=2.23606797749979, mode=fan_in, nonlinearity=leaky_relu, distribution =uniform, bias=0 

neck.bottom_up_blocks.0.main_conv.bn.weight - torch.Size([96]): 
The value is the same before and after calling `init_weights` of RTMDet  

neck.bottom_up_blocks.0.main_conv.bn.bias - torch.Size([96]): 
The value is the same before and after calling `init_weights` of RTMDet  

neck.bottom_up_blocks.0.short_conv.conv.weight - torch.Size([96, 192, 1, 1]): 
KaimingInit: a=2.23606797749979, mode=fan_in, nonlinearity=leaky_relu, distribution =uniform, bias=0 

neck.bottom_up_blocks.0.short_conv.bn.weight - torch.Size([96]): 
The value is the same before and after calling `init_weights` of RTMDet  

neck.bottom_up_blocks.0.short_conv.bn.bias - torch.Size([96]): 
The value is the same before and after calling `init_weights` of RTMDet  

neck.bottom_up_blocks.0.final_conv.conv.weight - torch.Size([192, 192, 1, 1]): 
KaimingInit: a=2.23606797749979, mode=fan_in, nonlinearity=leaky_relu, distribution =uniform, bias=0 

neck.bottom_up_blocks.0.final_conv.bn.weight - torch.Size([192]): 
The value is the same before and after calling `init_weights` of RTMDet  

neck.bottom_up_blocks.0.final_conv.bn.bias - torch.Size([192]): 
The value is the same before and after calling `init_weights` of RTMDet  

neck.bottom_up_blocks.0.blocks.0.conv1.conv.weight - torch.Size([96, 96, 3, 3]): 
KaimingInit: a=2.23606797749979, mode=fan_in, nonlinearity=leaky_relu, distribution =uniform, bias=0 

neck.bottom_up_blocks.0.blocks.0.conv1.bn.weight - torch.Size([96]): 
The value is the same before and after calling `init_weights` of RTMDet  

neck.bottom_up_blocks.0.blocks.0.conv1.bn.bias - torch.Size([96]): 
The value is the same before and after calling `init_weights` of RTMDet  

neck.bottom_up_blocks.0.blocks.0.conv2.depthwise_conv.conv.weight - torch.Size([96, 1, 5, 5]): 
KaimingInit: a=2.23606797749979, mode=fan_in, nonlinearity=leaky_relu, distribution =uniform, bias=0 

neck.bottom_up_blocks.0.blocks.0.conv2.depthwise_conv.bn.weight - torch.Size([96]): 
The value is the same before and after calling `init_weights` of RTMDet  

neck.bottom_up_blocks.0.blocks.0.conv2.depthwise_conv.bn.bias - torch.Size([96]): 
The value is the same before and after calling `init_weights` of RTMDet  

neck.bottom_up_blocks.0.blocks.0.conv2.pointwise_conv.conv.weight - torch.Size([96, 96, 1, 1]): 
KaimingInit: a=2.23606797749979, mode=fan_in, nonlinearity=leaky_relu, distribution =uniform, bias=0 

neck.bottom_up_blocks.0.blocks.0.conv2.pointwise_conv.bn.weight - torch.Size([96]): 
The value is the same before and after calling `init_weights` of RTMDet  

neck.bottom_up_blocks.0.blocks.0.conv2.pointwise_conv.bn.bias - torch.Size([96]): 
The value is the same before and after calling `init_weights` of RTMDet  

neck.bottom_up_blocks.1.main_conv.conv.weight - torch.Size([192, 384, 1, 1]): 
KaimingInit: a=2.23606797749979, mode=fan_in, nonlinearity=leaky_relu, distribution =uniform, bias=0 

neck.bottom_up_blocks.1.main_conv.bn.weight - torch.Size([192]): 
The value is the same before and after calling `init_weights` of RTMDet  

neck.bottom_up_blocks.1.main_conv.bn.bias - torch.Size([192]): 
The value is the same before and after calling `init_weights` of RTMDet  

neck.bottom_up_blocks.1.short_conv.conv.weight - torch.Size([192, 384, 1, 1]): 
KaimingInit: a=2.23606797749979, mode=fan_in, nonlinearity=leaky_relu, distribution =uniform, bias=0 

neck.bottom_up_blocks.1.short_conv.bn.weight - torch.Size([192]): 
The value is the same before and after calling `init_weights` of RTMDet  

neck.bottom_up_blocks.1.short_conv.bn.bias - torch.Size([192]): 
The value is the same before and after calling `init_weights` of RTMDet  

neck.bottom_up_blocks.1.final_conv.conv.weight - torch.Size([384, 384, 1, 1]): 
KaimingInit: a=2.23606797749979, mode=fan_in, nonlinearity=leaky_relu, distribution =uniform, bias=0 

neck.bottom_up_blocks.1.final_conv.bn.weight - torch.Size([384]): 
The value is the same before and after calling `init_weights` of RTMDet  

neck.bottom_up_blocks.1.final_conv.bn.bias - torch.Size([384]): 
The value is the same before and after calling `init_weights` of RTMDet  

neck.bottom_up_blocks.1.blocks.0.conv1.conv.weight - torch.Size([192, 192, 3, 3]): 
KaimingInit: a=2.23606797749979, mode=fan_in, nonlinearity=leaky_relu, distribution =uniform, bias=0 

neck.bottom_up_blocks.1.blocks.0.conv1.bn.weight - torch.Size([192]): 
The value is the same before and after calling `init_weights` of RTMDet  

neck.bottom_up_blocks.1.blocks.0.conv1.bn.bias - torch.Size([192]): 
The value is the same before and after calling `init_weights` of RTMDet  

neck.bottom_up_blocks.1.blocks.0.conv2.depthwise_conv.conv.weight - torch.Size([192, 1, 5, 5]): 
KaimingInit: a=2.23606797749979, mode=fan_in, nonlinearity=leaky_relu, distribution =uniform, bias=0 

neck.bottom_up_blocks.1.blocks.0.conv2.depthwise_conv.bn.weight - torch.Size([192]): 
The value is the same before and after calling `init_weights` of RTMDet  

neck.bottom_up_blocks.1.blocks.0.conv2.depthwise_conv.bn.bias - torch.Size([192]): 
The value is the same before and after calling `init_weights` of RTMDet  

neck.bottom_up_blocks.1.blocks.0.conv2.pointwise_conv.conv.weight - torch.Size([192, 192, 1, 1]): 
KaimingInit: a=2.23606797749979, mode=fan_in, nonlinearity=leaky_relu, distribution =uniform, bias=0 

neck.bottom_up_blocks.1.blocks.0.conv2.pointwise_conv.bn.weight - torch.Size([192]): 
The value is the same before and after calling `init_weights` of RTMDet  

neck.bottom_up_blocks.1.blocks.0.conv2.pointwise_conv.bn.bias - torch.Size([192]): 
The value is the same before and after calling `init_weights` of RTMDet  

neck.out_convs.0.conv.weight - torch.Size([96, 96, 3, 3]): 
KaimingInit: a=2.23606797749979, mode=fan_in, nonlinearity=leaky_relu, distribution =uniform, bias=0 

neck.out_convs.0.bn.weight - torch.Size([96]): 
The value is the same before and after calling `init_weights` of RTMDet  

neck.out_convs.0.bn.bias - torch.Size([96]): 
The value is the same before and after calling `init_weights` of RTMDet  

neck.out_convs.1.conv.weight - torch.Size([96, 192, 3, 3]): 
KaimingInit: a=2.23606797749979, mode=fan_in, nonlinearity=leaky_relu, distribution =uniform, bias=0 

neck.out_convs.1.bn.weight - torch.Size([96]): 
The value is the same before and after calling `init_weights` of RTMDet  

neck.out_convs.1.bn.bias - torch.Size([96]): 
The value is the same before and after calling `init_weights` of RTMDet  

neck.out_convs.2.conv.weight - torch.Size([96, 384, 3, 3]): 
KaimingInit: a=2.23606797749979, mode=fan_in, nonlinearity=leaky_relu, distribution =uniform, bias=0 

neck.out_convs.2.bn.weight - torch.Size([96]): 
The value is the same before and after calling `init_weights` of RTMDet  

neck.out_convs.2.bn.bias - torch.Size([96]): 
The value is the same before and after calling `init_weights` of RTMDet  

bbox_head.cls_convs.0.0.conv.weight - torch.Size([96, 96, 3, 3]): 
Initialized by user-defined `init_weights` in RTMDetSepBNHead  

bbox_head.cls_convs.0.0.bn.weight - torch.Size([96]): 
The value is the same before and after calling `init_weights` of RTMDet  

bbox_head.cls_convs.0.0.bn.bias - torch.Size([96]): 
The value is the same before and after calling `init_weights` of RTMDet  

bbox_head.cls_convs.0.1.conv.weight - torch.Size([96, 96, 3, 3]): 
Initialized by user-defined `init_weights` in RTMDetSepBNHead  

bbox_head.cls_convs.0.1.bn.weight - torch.Size([96]): 
The value is the same before and after calling `init_weights` of RTMDet  

bbox_head.cls_convs.0.1.bn.bias - torch.Size([96]): 
The value is the same before and after calling `init_weights` of RTMDet  

bbox_head.cls_convs.1.0.bn.weight - torch.Size([96]): 
The value is the same before and after calling `init_weights` of RTMDet  

bbox_head.cls_convs.1.0.bn.bias - torch.Size([96]): 
The value is the same before and after calling `init_weights` of RTMDet  

bbox_head.cls_convs.1.1.bn.weight - torch.Size([96]): 
The value is the same before and after calling `init_weights` of RTMDet  

bbox_head.cls_convs.1.1.bn.bias - torch.Size([96]): 
The value is the same before and after calling `init_weights` of RTMDet  

bbox_head.cls_convs.2.0.bn.weight - torch.Size([96]): 
The value is the same before and after calling `init_weights` of RTMDet  

bbox_head.cls_convs.2.0.bn.bias - torch.Size([96]): 
The value is the same before and after calling `init_weights` of RTMDet  

bbox_head.cls_convs.2.1.bn.weight - torch.Size([96]): 
The value is the same before and after calling `init_weights` of RTMDet  

bbox_head.cls_convs.2.1.bn.bias - torch.Size([96]): 
The value is the same before and after calling `init_weights` of RTMDet  

bbox_head.reg_convs.0.0.conv.weight - torch.Size([96, 96, 3, 3]): 
Initialized by user-defined `init_weights` in RTMDetSepBNHead  

bbox_head.reg_convs.0.0.bn.weight - torch.Size([96]): 
The value is the same before and after calling `init_weights` of RTMDet  

bbox_head.reg_convs.0.0.bn.bias - torch.Size([96]): 
The value is the same before and after calling `init_weights` of RTMDet  

bbox_head.reg_convs.0.1.conv.weight - torch.Size([96, 96, 3, 3]): 
Initialized by user-defined `init_weights` in RTMDetSepBNHead  

bbox_head.reg_convs.0.1.bn.weight - torch.Size([96]): 
The value is the same before and after calling `init_weights` of RTMDet  

bbox_head.reg_convs.0.1.bn.bias - torch.Size([96]): 
The value is the same before and after calling `init_weights` of RTMDet  

bbox_head.reg_convs.1.0.bn.weight - torch.Size([96]): 
The value is the same before and after calling `init_weights` of RTMDet  

bbox_head.reg_convs.1.0.bn.bias - torch.Size([96]): 
The value is the same before and after calling `init_weights` of RTMDet  

bbox_head.reg_convs.1.1.bn.weight - torch.Size([96]): 
The value is the same before and after calling `init_weights` of RTMDet  

bbox_head.reg_convs.1.1.bn.bias - torch.Size([96]): 
The value is the same before and after calling `init_weights` of RTMDet  

bbox_head.reg_convs.2.0.bn.weight - torch.Size([96]): 
The value is the same before and after calling `init_weights` of RTMDet  

bbox_head.reg_convs.2.0.bn.bias - torch.Size([96]): 
The value is the same before and after calling `init_weights` of RTMDet  

bbox_head.reg_convs.2.1.bn.weight - torch.Size([96]): 
The value is the same before and after calling `init_weights` of RTMDet  

bbox_head.reg_convs.2.1.bn.bias - torch.Size([96]): 
The value is the same before and after calling `init_weights` of RTMDet  

bbox_head.rtm_cls.0.weight - torch.Size([1, 96, 1, 1]): 
Initialized by user-defined `init_weights` in RTMDetSepBNHead  

bbox_head.rtm_cls.0.bias - torch.Size([1]): 
Initialized by user-defined `init_weights` in RTMDetSepBNHead  

bbox_head.rtm_cls.1.weight - torch.Size([1, 96, 1, 1]): 
Initialized by user-defined `init_weights` in RTMDetSepBNHead  

bbox_head.rtm_cls.1.bias - torch.Size([1]): 
Initialized by user-defined `init_weights` in RTMDetSepBNHead  

bbox_head.rtm_cls.2.weight - torch.Size([1, 96, 1, 1]): 
Initialized by user-defined `init_weights` in RTMDetSepBNHead  

bbox_head.rtm_cls.2.bias - torch.Size([1]): 
Initialized by user-defined `init_weights` in RTMDetSepBNHead  

bbox_head.rtm_reg.0.weight - torch.Size([4, 96, 1, 1]): 
Initialized by user-defined `init_weights` in RTMDetSepBNHead  

bbox_head.rtm_reg.0.bias - torch.Size([4]): 
Initialized by user-defined `init_weights` in RTMDetSepBNHead  

bbox_head.rtm_reg.1.weight - torch.Size([4, 96, 1, 1]): 
Initialized by user-defined `init_weights` in RTMDetSepBNHead  

bbox_head.rtm_reg.1.bias - torch.Size([4]): 
Initialized by user-defined `init_weights` in RTMDetSepBNHead  

bbox_head.rtm_reg.2.weight - torch.Size([4, 96, 1, 1]): 
Initialized by user-defined `init_weights` in RTMDetSepBNHead  

bbox_head.rtm_reg.2.bias - torch.Size([4]): 
Initialized by user-defined `init_weights` in RTMDetSepBNHead  
2026/04/05 02:13:39 - mmengine - INFO - Load checkpoint from https://download.openmmlab.com/mmdetection/v3.0/rtmdet/rtmdet_tiny_8xb32-300e_coco/rtmdet_tiny_8xb32-300e_coco_20220902_112414-78e30dcc.pth
2026/04/05 02:13:39 - mmengine - WARNING - "FileClient" will be deprecated in future. Please use io functions in https://mmengine.readthedocs.io/en/latest/api/fileio.html#file-io
2026/04/05 02:13:39 - mmengine - WARNING - "HardDiskBackend" is the alias of "LocalBackend" and the former will be deprecated in future.
2026/04/05 02:13:39 - mmengine - INFO - Checkpoints will be saved to C:\Users\ryuyoonmin\python_project\jaram_height\app\models\card_model_v2.
2026/04/05 02:14:04 - mmengine - INFO - Exp name: rtmdet_nano_card_20260405_021327
2026/04/05 02:14:04 - mmengine - INFO - Epoch(train)   [1][3/3]  base_lr: 8.0479e-06 lr: 1.6096e-05  eta: 2:02:01  time: 8.1619  data_time: 7.2560  memory: 10108  loss: 2.6007  loss_cls: 1.8565  loss_bbox: 0.7442
2026/04/05 02:14:07 - mmengine - INFO - Exp name: rtmdet_nano_card_20260405_021327
2026/04/05 02:14:07 - mmengine - INFO - Epoch(train)   [2][3/3]  base_lr: 2.0060e-05 lr: 4.0120e-05  eta: 1:08:02  time: 4.5660  data_time: 3.8249  memory: 10108  loss: 2.5825  loss_cls: 1.8270  loss_bbox: 0.7555
2026/04/05 02:14:10 - mmengine - INFO - Exp name: rtmdet_nano_card_20260405_021327
2026/04/05 02:14:10 - mmengine - INFO - Epoch(train)   [3][3/3]  base_lr: 3.2072e-05 lr: 6.4143e-05  eta: 0:50:03  time: 3.3705  data_time: 2.6850  memory: 10108  loss: 2.5973  loss_cls: 1.8499  loss_bbox: 0.7474
2026/04/05 02:14:13 - mmengine - INFO - Exp name: rtmdet_nano_card_20260405_021327
2026/04/05 02:14:13 - mmengine - INFO - Epoch(train)   [4][3/3]  base_lr: 4.4084e-05 lr: 8.8167e-05  eta: 0:40:58  time: 2.7691  data_time: 2.1093  memory: 10108  loss: 2.6008  loss_cls: 1.8564  loss_bbox: 0.7444
2026/04/05 02:14:16 - mmengine - INFO - Exp name: rtmdet_nano_card_20260405_021327
2026/04/05 02:14:16 - mmengine - INFO - Epoch(train)   [5][3/3]  base_lr: 5.6095e-05 lr: 1.1219e-04  eta: 0:35:35  time: 2.4125  data_time: 1.7689  memory: 10108  loss: 2.6076  loss_cls: 1.8671  loss_bbox: 0.7404
2026/04/05 02:14:18 - mmengine - INFO - Exp name: rtmdet_nano_card_20260405_021327
2026/04/05 02:14:18 - mmengine - INFO - Epoch(train)   [6][3/3]  base_lr: 6.8107e-05 lr: 1.3621e-04  eta: 0:31:53  time: 2.1698  data_time: 1.5387  memory: 10108  loss: 2.6103  loss_cls: 1.8731  loss_bbox: 0.7372
2026/04/05 02:14:21 - mmengine - INFO - Exp name: rtmdet_nano_card_20260405_021327
2026/04/05 02:14:21 - mmengine - INFO - Epoch(train)   [7][3/3]  base_lr: 8.0119e-05 lr: 1.6024e-04  eta: 0:29:14  time: 1.9958  data_time: 1.3726  memory: 10108  loss: 2.6071  loss_cls: 1.8706  loss_bbox: 0.7365
2026/04/05 02:14:24 - mmengine - INFO - Exp name: rtmdet_nano_card_20260405_021327
2026/04/05 02:14:24 - mmengine - INFO - Epoch(train)   [8][3/3]  base_lr: 9.2131e-05 lr: 1.8426e-04  eta: 0:27:07  time: 1.8583  data_time: 1.2386  memory: 10108  loss: 2.6097  loss_cls: 1.8784  loss_bbox: 0.7313
2026/04/05 02:14:27 - mmengine - INFO - Exp name: rtmdet_nano_card_20260405_021327
2026/04/05 02:14:27 - mmengine - INFO - Epoch(train)   [9][3/3]  base_lr: 1.0414e-04 lr: 2.0829e-04  eta: 0:25:33  time: 1.7564  data_time: 1.1380  memory: 10108  loss: 2.6099  loss_cls: 1.8825  loss_bbox: 0.7274
2026/04/05 02:14:30 - mmengine - INFO - Exp name: rtmdet_nano_card_20260405_021327
2026/04/05 02:14:30 - mmengine - INFO - Epoch(train)  [10][3/3]  base_lr: 1.1615e-04 lr: 2.3231e-04  eta: 0:24:19  time: 1.6776  data_time: 1.0605  memory: 10108  loss: 2.6069  loss_cls: 1.8840  loss_bbox: 0.7229
2026/04/05 02:14:30 - mmengine - INFO - Saving checkpoint at 10 epochs
2026/04/05 02:14:35 - mmengine - INFO - Evaluating bbox...
2026/04/05 02:14:35 - mmengine - INFO - bbox_mAP_copypaste: 0.006 0.016 0.002 -1.000 -1.000 0.019
2026/04/05 02:14:35 - mmengine - INFO - Epoch(val) [10][2/2]    coco/bbox_mAP: 0.0060  coco/bbox_mAP_50: 0.0160  coco/bbox_mAP_75: 0.0020  coco/bbox_mAP_s: -1.0000  coco/bbox_mAP_m: -1.0000  coco/bbox_mAP_l: 0.0190  data_time: 1.5898  time: 1.7409
2026/04/05 02:14:38 - mmengine - INFO - Exp name: rtmdet_nano_card_20260405_021327
2026/04/05 02:14:38 - mmengine - INFO - Epoch(train)  [11][3/3]  base_lr: 1.2817e-04 lr: 2.5633e-04  eta: 0:23:18  time: 1.6135  data_time: 0.9977  memory: 10108  loss: 2.6010  loss_cls: 1.8857  loss_bbox: 0.7153
2026/04/05 02:14:41 - mmengine - INFO - Exp name: rtmdet_nano_card_20260405_021327
2026/04/05 02:14:41 - mmengine - INFO - Epoch(train)  [12][3/3]  base_lr: 1.4018e-04 lr: 2.8036e-04  eta: 0:22:29  time: 1.5623  data_time: 0.9460  memory: 10108  loss: 2.5886  loss_cls: 1.8782  loss_bbox: 0.7103
2026/04/05 02:14:44 - mmengine - INFO - Exp name: rtmdet_nano_card_20260405_021327
2026/04/05 02:14:44 - mmengine - INFO - Epoch(train)  [13][3/3]  base_lr: 1.5219e-04 lr: 3.0438e-04  eta: 0:21:46  time: 1.5175  data_time: 0.9036  memory: 10108  loss: 2.5662  loss_cls: 1.8627  loss_bbox: 0.7035
2026/04/05 02:14:47 - mmengine - INFO - Exp name: rtmdet_nano_card_20260405_021327
2026/04/05 02:14:47 - mmengine - INFO - Epoch(train)  [14][3/3]  base_lr: 1.6420e-04 lr: 3.2841e-04  eta: 0:21:05  time: 1.4748  data_time: 0.8637  memory: 10108  loss: 2.5329  loss_cls: 1.8370  loss_bbox: 0.6959
2026/04/05 02:14:50 - mmengine - INFO - Exp name: rtmdet_nano_card_20260405_021327
2026/04/05 02:14:50 - mmengine - INFO - Epoch(train)  [15][3/3]  base_lr: 1.7621e-04 lr: 3.5243e-04  eta: 0:20:32  time: 1.4420  data_time: 0.8323  memory: 10108  loss: 2.5018  loss_cls: 1.8119  loss_bbox: 0.6899
2026/04/05 02:14:53 - mmengine - INFO - Exp name: rtmdet_nano_card_20260405_021327
2026/04/05 02:14:53 - mmengine - INFO - Epoch(train)  [16][3/3]  base_lr: 1.8823e-04 lr: 3.7645e-04  eta: 0:20:04  time: 1.4140  data_time: 0.8049  memory: 10108  loss: 2.4649  loss_cls: 1.7819  loss_bbox: 0.6830
2026/04/05 02:14:56 - mmengine - INFO - Exp name: rtmdet_nano_card_20260405_021327
2026/04/05 02:14:56 - mmengine - INFO - Epoch(train)  [17][3/3]  base_lr: 2.0024e-04 lr: 4.0048e-04  eta: 0:19:36  time: 0.9471  data_time: 0.3589  memory: 10108  loss: 2.4208  loss_cls: 1.7497  loss_bbox: 0.6712
2026/04/05 02:14:59 - mmengine - INFO - Exp name: rtmdet_nano_card_20260405_021327
2026/04/05 02:14:59 - mmengine - INFO - Epoch(train)  [18][3/3]  base_lr: 2.1225e-04 lr: 4.2450e-04  eta: 0:19:19  time: 0.9555  data_time: 0.3651  memory: 10108  loss: 2.3585  loss_cls: 1.7034  loss_bbox: 0.6552
2026/04/05 02:15:02 - mmengine - INFO - Exp name: rtmdet_nano_card_20260405_021327
2026/04/05 02:15:02 - mmengine - INFO - Epoch(train)  [19][3/3]  base_lr: 2.2426e-04 lr: 4.4852e-04  eta: 0:18:58  time: 0.9551  data_time: 0.3633  memory: 10108  loss: 2.2865  loss_cls: 1.6495  loss_bbox: 0.6370
2026/04/05 02:15:05 - mmengine - INFO - Exp name: rtmdet_nano_card_20260405_021327
2026/04/05 02:15:05 - mmengine - INFO - Epoch(train)  [20][3/3]  base_lr: 2.3627e-04 lr: 4.7255e-04  eta: 0:18:38  time: 0.9563  data_time: 0.3642  memory: 10108  loss: 2.2026  loss_cls: 1.5869  loss_bbox: 0.6156
2026/04/05 02:15:05 - mmengine - INFO - Saving checkpoint at 20 epochs
2026/04/05 02:15:07 - mmengine - INFO - Evaluating bbox...
2026/04/05 02:15:07 - mmengine - INFO - bbox_mAP_copypaste: 0.298 0.721 0.283 -1.000 -1.000 0.298
2026/04/05 02:15:07 - mmengine - INFO - Epoch(val) [20][2/2]    coco/bbox_mAP: 0.2980  coco/bbox_mAP_50: 0.7210  coco/bbox_mAP_75: 0.2830  coco/bbox_mAP_s: -1.0000  coco/bbox_mAP_m: -1.0000  coco/bbox_mAP_l: 0.2980  data_time: 0.0094  time: 0.0735
2026/04/05 02:15:10 - mmengine - INFO - Exp name: rtmdet_nano_card_20260405_021327
2026/04/05 02:15:10 - mmengine - INFO - Epoch(train)  [21][3/3]  base_lr: 2.4829e-04 lr: 4.9657e-04  eta: 0:18:21  time: 0.9569  data_time: 0.3617  memory: 10108  loss: 2.1119  loss_cls: 1.5173  loss_bbox: 0.5946
2026/04/05 02:15:13 - mmengine - INFO - Exp name: rtmdet_nano_card_20260405_021327
2026/04/05 02:15:13 - mmengine - INFO - Epoch(train)  [22][3/3]  base_lr: 2.6030e-04 lr: 5.2060e-04  eta: 0:18:05  time: 0.9595  data_time: 0.3603  memory: 10108  loss: 2.0166  loss_cls: 1.4429  loss_bbox: 0.5738
2026/04/05 02:15:16 - mmengine - INFO - Exp name: rtmdet_nano_card_20260405_021327
2026/04/05 02:15:16 - mmengine - INFO - Epoch(train)  [23][3/3]  base_lr: 2.7231e-04 lr: 5.4462e-04  eta: 0:17:50  time: 0.9615  data_time: 0.3614  memory: 10108  loss: 1.9193  loss_cls: 1.3670  loss_bbox: 0.5523
2026/04/05 02:15:19 - mmengine - INFO - Exp name: rtmdet_nano_card_20260405_021327
2026/04/05 02:15:19 - mmengine - INFO - Epoch(train)  [24][3/3]  base_lr: 2.8432e-04 lr: 5.6864e-04  eta: 0:17:35  time: 0.9669  data_time: 0.3657  memory: 10108  loss: 1.8197  loss_cls: 1.2911  loss_bbox: 0.5286
2026/04/05 02:15:22 - mmengine - INFO - Exp name: rtmdet_nano_card_20260405_021327
2026/04/05 02:15:22 - mmengine - INFO - Epoch(train)  [25][3/3]  base_lr: 2.9633e-04 lr: 5.9267e-04  eta: 0:17:20  time: 0.9685  data_time: 0.3682  memory: 10108  loss: 1.7105  loss_cls: 1.2035  loss_bbox: 0.5070
2026/04/05 02:15:25 - mmengine - INFO - Exp name: rtmdet_nano_card_20260405_021327
2026/04/05 02:15:25 - mmengine - INFO - Epoch(train)  [26][3/3]  base_lr: 3.0835e-04 lr: 6.1669e-04  eta: 0:17:08  time: 0.9683  data_time: 0.3700  memory: 10108  loss: 1.6029  loss_cls: 1.1196  loss_bbox: 0.4834
2026/04/05 02:15:28 - mmengine - INFO - Exp name: rtmdet_nano_card_20260405_021327
2026/04/05 02:15:28 - mmengine - INFO - Epoch(train)  [27][3/3]  base_lr: 3.2036e-04 lr: 6.4071e-04  eta: 0:16:56  time: 0.9702  data_time: 0.3696  memory: 10108  loss: 1.4972  loss_cls: 1.0357  loss_bbox: 0.4615
2026/04/05 02:15:30 - mmengine - INFO - Exp name: rtmdet_nano_card_20260405_021327
2026/04/05 02:15:30 - mmengine - INFO - Epoch(train)  [28][3/3]  base_lr: 3.3237e-04 lr: 6.6474e-04  eta: 0:16:45  time: 0.9701  data_time: 0.3705  memory: 10108  loss: 1.3916  loss_cls: 0.9518  loss_bbox: 0.4398
2026/04/05 02:15:33 - mmengine - INFO - Exp name: rtmdet_nano_card_20260405_021327
2026/04/05 02:15:33 - mmengine - INFO - Epoch(train)  [29][3/3]  base_lr: 3.4438e-04 lr: 6.8876e-04  eta: 0:16:33  time: 0.9666  data_time: 0.3677  memory: 10108  loss: 1.2892  loss_cls: 0.8715  loss_bbox: 0.4178
2026/04/05 02:15:36 - mmengine - INFO - Exp name: rtmdet_nano_card_20260405_021327
2026/04/05 02:15:36 - mmengine - INFO - Epoch(train)  [30][3/3]  base_lr: 3.5639e-04 lr: 7.1279e-04  eta: 0:16:22  time: 0.9670  data_time: 0.3680  memory: 10108  loss: 1.1999  loss_cls: 0.8026  loss_bbox: 0.3974
2026/04/05 02:15:36 - mmengine - INFO - Saving checkpoint at 30 epochs
2026/04/05 02:15:38 - mmengine - INFO - Evaluating bbox...
2026/04/05 02:15:38 - mmengine - INFO - bbox_mAP_copypaste: 0.456 0.639 0.409 -1.000 -1.000 0.481
2026/04/05 02:15:38 - mmengine - INFO - Epoch(val) [30][2/2]    coco/bbox_mAP: 0.4560  coco/bbox_mAP_50: 0.6390  coco/bbox_mAP_75: 0.4090  coco/bbox_mAP_s: -1.0000  coco/bbox_mAP_m: -1.0000  coco/bbox_mAP_l: 0.4810  data_time: 0.0090  time: 0.0508
2026/04/05 02:15:41 - mmengine - INFO - Exp name: rtmdet_nano_card_20260405_021327
2026/04/05 02:15:41 - mmengine - INFO - Epoch(train)  [31][3/3]  base_lr: 3.6840e-04 lr: 7.3681e-04  eta: 0:16:12  time: 0.9674  data_time: 0.3658  memory: 10108  loss: 1.1151  loss_cls: 0.7374  loss_bbox: 0.3778
2026/04/05 02:15:44 - mmengine - INFO - Exp name: rtmdet_nano_card_20260405_021327
2026/04/05 02:15:44 - mmengine - INFO - Epoch(train)  [32][3/3]  base_lr: 3.8042e-04 lr: 7.6083e-04  eta: 0:16:05  time: 0.9717  data_time: 0.3703  memory: 10108  loss: 1.0388  loss_cls: 0.6793  loss_bbox: 0.3595
2026/04/05 02:15:47 - mmengine - INFO - Exp name: rtmdet_nano_card_20260405_021327
2026/04/05 02:15:47 - mmengine - INFO - Epoch(train)  [33][3/3]  base_lr: 3.9243e-04 lr: 7.8486e-04  eta: 0:15:56  time: 0.9724  data_time: 0.3712  memory: 10108  loss: 0.9645  loss_cls: 0.6228  loss_bbox: 0.3418
2026/04/05 02:15:50 - mmengine - INFO - Exp name: rtmdet_nano_card_20260405_021327
2026/04/05 02:15:50 - mmengine - INFO - Epoch(train)  [34][3/3]  base_lr: 4.0444e-04 lr: 8.0888e-04  eta: 0:15:48  time: 0.9662  data_time: 0.3654  memory: 10108  loss: 0.9002  loss_cls: 0.5715  loss_bbox: 0.3286
2026/04/05 02:15:53 - mmengine - INFO - Exp name: rtmdet_nano_card_20260405_021327
2026/04/05 02:15:53 - mmengine - INFO - Epoch(train)  [35][3/3]  base_lr: 4.1645e-04 lr: 8.3290e-04  eta: 0:15:40  time: 0.9687  data_time: 0.3671  memory: 10108  loss: 0.8499  loss_cls: 0.5345  loss_bbox: 0.3155
2026/04/05 02:15:56 - mmengine - INFO - Exp name: rtmdet_nano_card_20260405_021327
2026/04/05 02:15:56 - mmengine - INFO - Epoch(train)  [36][3/3]  base_lr: 4.2846e-04 lr: 8.5693e-04  eta: 0:15:33  time: 0.9701  data_time: 0.3686  memory: 10108  loss: 0.8073  loss_cls: 0.5014  loss_bbox: 0.3060
2026/04/05 02:15:59 - mmengine - INFO - Exp name: rtmdet_nano_card_20260405_021327
2026/04/05 02:15:59 - mmengine - INFO - Epoch(train)  [37][3/3]  base_lr: 4.4048e-04 lr: 8.8095e-04  eta: 0:15:24  time: 0.9655  data_time: 0.3671  memory: 10108  loss: 0.7734  loss_cls: 0.4743  loss_bbox: 0.2991
2026/04/05 02:16:02 - mmengine - INFO - Exp name: rtmdet_nano_card_20260405_021327
2026/04/05 02:16:02 - mmengine - INFO - Epoch(train)  [38][3/3]  base_lr: 4.5249e-04 lr: 9.0498e-04  eta: 0:15:19  time: 0.9710  data_time: 0.3746  memory: 10108  loss: 0.7444  loss_cls: 0.4531  loss_bbox: 0.2913
2026/04/05 02:16:05 - mmengine - INFO - Exp name: rtmdet_nano_card_20260405_021327
2026/04/05 02:16:05 - mmengine - INFO - Epoch(train)  [39][3/3]  base_lr: 4.6450e-04 lr: 9.2900e-04  eta: 0:15:11  time: 0.9697  data_time: 0.3745  memory: 10108  loss: 0.7176  loss_cls: 0.4342  loss_bbox: 0.2834
2026/04/05 02:16:08 - mmengine - INFO - Exp name: rtmdet_nano_card_20260405_021327
2026/04/05 02:16:08 - mmengine - INFO - Epoch(train)  [40][3/3]  base_lr: 4.7651e-04 lr: 9.5302e-04  eta: 0:15:04  time: 0.9708  data_time: 0.3761  memory: 10108  loss: 0.6955  loss_cls: 0.4181  loss_bbox: 0.2774
2026/04/05 02:16:08 - mmengine - INFO - Saving checkpoint at 40 epochs
2026/04/05 02:16:10 - mmengine - INFO - Evaluating bbox...
2026/04/05 02:16:10 - mmengine - INFO - bbox_mAP_copypaste: 0.860 0.966 0.966 -1.000 -1.000 0.860
2026/04/05 02:16:10 - mmengine - INFO - Epoch(val) [40][2/2]    coco/bbox_mAP: 0.8600  coco/bbox_mAP_50: 0.9660  coco/bbox_mAP_75: 0.9660  coco/bbox_mAP_s: -1.0000  coco/bbox_mAP_m: -1.0000  coco/bbox_mAP_l: 0.8600  data_time: 0.0094  time: 0.0482
2026/04/05 02:16:13 - mmengine - INFO - Exp name: rtmdet_nano_card_20260405_021327
2026/04/05 02:16:13 - mmengine - INFO - Epoch(train)  [41][3/3]  base_lr: 4.8852e-04 lr: 9.7705e-04  eta: 0:14:57  time: 0.9702  data_time: 0.3749  memory: 10108  loss: 0.6832  loss_cls: 0.4091  loss_bbox: 0.2741
2026/04/05 02:16:16 - mmengine - INFO - Exp name: rtmdet_nano_card_20260405_021327
2026/04/05 02:16:16 - mmengine - INFO - Epoch(train)  [42][3/3]  base_lr: 5.0054e-04 lr: 1.0011e-03  eta: 0:14:50  time: 0.9720  data_time: 0.3757  memory: 10108  loss: 0.6644  loss_cls: 0.3962  loss_bbox: 0.2682
2026/04/05 02:16:19 - mmengine - INFO - Exp name: rtmdet_nano_card_20260405_021327
2026/04/05 02:16:19 - mmengine - INFO - Epoch(train)  [43][3/3]  base_lr: 5.1255e-04 lr: 1.0251e-03  eta: 0:14:43  time: 0.9726  data_time: 0.3765  memory: 10108  loss: 0.6524  loss_cls: 0.3873  loss_bbox: 0.2651
2026/04/05 02:16:22 - mmengine - INFO - Exp name: rtmdet_nano_card_20260405_021327
2026/04/05 02:16:22 - mmengine - INFO - Epoch(train)  [44][3/3]  base_lr: 5.2456e-04 lr: 1.0491e-03  eta: 0:14:36  time: 0.9672  data_time: 0.3741  memory: 10108  loss: 0.6357  loss_cls: 0.3755  loss_bbox: 0.2602
2026/04/05 02:16:25 - mmengine - INFO - Exp name: rtmdet_nano_card_20260405_021327
2026/04/05 02:16:25 - mmengine - INFO - Epoch(train)  [45][3/3]  base_lr: 5.3657e-04 lr: 1.0731e-03  eta: 0:14:31  time: 0.9717  data_time: 0.3768  memory: 10108  loss: 0.6285  loss_cls: 0.3687  loss_bbox: 0.2598
2026/04/05 02:16:28 - mmengine - INFO - Exp name: rtmdet_nano_card_20260405_021327
2026/04/05 02:16:28 - mmengine - INFO - Epoch(train)  [46][3/3]  base_lr: 5.4858e-04 lr: 1.0972e-03  eta: 0:14:25  time: 0.9741  data_time: 0.3788  memory: 10108  loss: 0.6175  loss_cls: 0.3594  loss_bbox: 0.2581
2026/04/05 02:16:31 - mmengine - INFO - Exp name: rtmdet_nano_card_20260405_021327
2026/04/05 02:16:31 - mmengine - INFO - Epoch(train)  [47][3/3]  base_lr: 5.6059e-04 lr: 1.1212e-03  eta: 0:14:20  time: 0.9786  data_time: 0.3812  memory: 10108  loss: 0.6060  loss_cls: 0.3521  loss_bbox: 0.2539
2026/04/05 02:16:34 - mmengine - INFO - Exp name: rtmdet_nano_card_20260405_021327
2026/04/05 02:16:34 - mmengine - INFO - Epoch(train)  [48][3/3]  base_lr: 5.7261e-04 lr: 1.1452e-03  eta: 0:14:14  time: 0.9747  data_time: 0.3758  memory: 10108  loss: 0.6024  loss_cls: 0.3484  loss_bbox: 0.2540
2026/04/05 02:16:37 - mmengine - INFO - Exp name: rtmdet_nano_card_20260405_021327
2026/04/05 02:16:37 - mmengine - INFO - Epoch(train)  [49][3/3]  base_lr: 5.8462e-04 lr: 1.1692e-03  eta: 0:14:08  time: 0.9733  data_time: 0.3745  memory: 10108  loss: 0.5985  loss_cls: 0.3452  loss_bbox: 0.2533
2026/04/05 02:16:39 - mmengine - INFO - Exp name: rtmdet_nano_card_20260405_021327
2026/04/05 02:16:39 - mmengine - INFO - Epoch(train)  [50][3/3]  base_lr: 5.9663e-04 lr: 1.1933e-03  eta: 0:14:02  time: 0.9675  data_time: 0.3697  memory: 10108  loss: 0.5863  loss_cls: 0.3362  loss_bbox: 0.2502
2026/04/05 02:16:39 - mmengine - INFO - Saving checkpoint at 50 epochs
2026/04/05 02:16:41 - mmengine - INFO - Evaluating bbox...
2026/04/05 02:16:41 - mmengine - INFO - bbox_mAP_copypaste: 0.695 0.914 0.855 -1.000 -1.000 0.696
2026/04/05 02:16:41 - mmengine - INFO - Epoch(val) [50][2/2]    coco/bbox_mAP: 0.6950  coco/bbox_mAP_50: 0.9140  coco/bbox_mAP_75: 0.8550  coco/bbox_mAP_s: -1.0000  coco/bbox_mAP_m: -1.0000  coco/bbox_mAP_l: 0.6960  data_time: 0.0091  time: 0.0360
2026/04/05 02:16:45 - mmengine - INFO - Exp name: rtmdet_nano_card_20260405_021327
2026/04/05 02:16:45 - mmengine - INFO - Epoch(train)  [51][3/3]  base_lr: 6.0864e-04 lr: 1.2173e-03  eta: 0:13:57  time: 0.9710  data_time: 0.3655  memory: 10108  loss: 0.5808  loss_cls: 0.3314  loss_bbox: 0.2495
2026/04/05 02:16:48 - mmengine - INFO - Exp name: rtmdet_nano_card_20260405_021327
2026/04/05 02:16:48 - mmengine - INFO - Epoch(train)  [52][3/3]  base_lr: 6.2065e-04 lr: 1.2413e-03  eta: 0:13:52  time: 0.9702  data_time: 0.3634  memory: 10108  loss: 0.5740  loss_cls: 0.3257  loss_bbox: 0.2483
2026/04/05 02:16:51 - mmengine - INFO - Exp name: rtmdet_nano_card_20260405_021327
2026/04/05 02:16:51 - mmengine - INFO - Epoch(train)  [53][3/3]  base_lr: 6.3267e-04 lr: 1.2653e-03  eta: 0:13:48  time: 0.9762  data_time: 0.3666  memory: 10108  loss: 0.5689  loss_cls: 0.3219  loss_bbox: 0.2470
2026/04/05 02:16:54 - mmengine - INFO - Exp name: rtmdet_nano_card_20260405_021327
2026/04/05 02:16:54 - mmengine - INFO - Epoch(train)  [54][3/3]  base_lr: 6.4468e-04 lr: 1.2894e-03  eta: 0:13:42  time: 0.9694  data_time: 0.3586  memory: 10108  loss: 0.5627  loss_cls: 0.3164  loss_bbox: 0.2463
2026/04/05 02:16:57 - mmengine - INFO - Exp name: rtmdet_nano_card_20260405_021327
2026/04/05 02:16:57 - mmengine - INFO - Epoch(train)  [55][3/3]  base_lr: 6.5669e-04 lr: 1.3134e-03  eta: 0:13:37  time: 0.9686  data_time: 0.3571  memory: 10108  loss: 0.5629  loss_cls: 0.3159  loss_bbox: 0.2471
2026/04/05 02:17:00 - mmengine - INFO - Exp name: rtmdet_nano_card_20260405_021327
2026/04/05 02:17:00 - mmengine - INFO - Epoch(train)  [56][3/3]  base_lr: 6.6870e-04 lr: 1.3374e-03  eta: 0:13:33  time: 0.9716  data_time: 0.3560  memory: 10108  loss: 0.5592  loss_cls: 0.3116  loss_bbox: 0.2475
2026/04/05 02:17:03 - mmengine - INFO - Exp name: rtmdet_nano_card_20260405_021327
2026/04/05 02:17:03 - mmengine - INFO - Epoch(train)  [57][3/3]  base_lr: 6.8071e-04 lr: 1.3614e-03  eta: 0:13:28  time: 0.9749  data_time: 0.3598  memory: 10108  loss: 0.5563  loss_cls: 0.3087  loss_bbox: 0.2475
2026/04/05 02:17:06 - mmengine - INFO - Exp name: rtmdet_nano_card_20260405_021327
2026/04/05 02:17:06 - mmengine - INFO - Epoch(train)  [58][3/3]  base_lr: 6.9273e-04 lr: 1.3855e-03  eta: 0:13:23  time: 0.9740  data_time: 0.3590  memory: 10108  loss: 0.5526  loss_cls: 0.3061  loss_bbox: 0.2465
2026/04/05 02:17:09 - mmengine - INFO - Exp name: rtmdet_nano_card_20260405_021327
2026/04/05 02:17:09 - mmengine - INFO - Epoch(train)  [59][3/3]  base_lr: 7.0474e-04 lr: 1.4095e-03  eta: 0:13:18  time: 0.9765  data_time: 0.3598  memory: 10108  loss: 0.5563  loss_cls: 0.3081  loss_bbox: 0.2481
2026/04/05 02:17:12 - mmengine - INFO - Exp name: rtmdet_nano_card_20260405_021327
2026/04/05 02:17:12 - mmengine - INFO - Epoch(train)  [60][3/3]  base_lr: 7.1675e-04 lr: 1.4335e-03  eta: 0:13:13  time: 0.9782  data_time: 0.3607  memory: 10108  loss: 0.5520  loss_cls: 0.3043  loss_bbox: 0.2477
2026/04/05 02:17:12 - mmengine - INFO - Saving checkpoint at 60 epochs
2026/04/05 02:17:14 - mmengine - INFO - Evaluating bbox...
2026/04/05 02:17:14 - mmengine - INFO - bbox_mAP_copypaste: 0.734 0.843 0.758 -1.000 -1.000 0.735
2026/04/05 02:17:14 - mmengine - INFO - Epoch(val) [60][2/2]    coco/bbox_mAP: 0.7340  coco/bbox_mAP_50: 0.8430  coco/bbox_mAP_75: 0.7580  coco/bbox_mAP_s: -1.0000  coco/bbox_mAP_m: -1.0000  coco/bbox_mAP_l: 0.7350  data_time: 0.0096  time: 0.0480
2026/04/05 02:17:17 - mmengine - INFO - Exp name: rtmdet_nano_card_20260405_021327
2026/04/05 02:17:17 - mmengine - INFO - Epoch(train)  [61][3/3]  base_lr: 7.2876e-04 lr: 1.4575e-03  eta: 0:13:11  time: 0.9892  data_time: 0.3654  memory: 10108  loss: 0.5486  loss_cls: 0.3017  loss_bbox: 0.2468
2026/04/05 02:17:20 - mmengine - INFO - Exp name: rtmdet_nano_card_20260405_021327
2026/04/05 02:17:20 - mmengine - INFO - Epoch(train)  [62][3/3]  base_lr: 7.4077e-04 lr: 1.4815e-03  eta: 0:13:06  time: 0.9869  data_time: 0.3635  memory: 10108  loss: 0.5423  loss_cls: 0.2969  loss_bbox: 0.2454
2026/04/05 02:17:23 - mmengine - INFO - Exp name: rtmdet_nano_card_20260405_021327
2026/04/05 02:17:23 - mmengine - INFO - Epoch(train)  [63][3/3]  base_lr: 7.5279e-04 lr: 1.5056e-03  eta: 0:13:01  time: 0.9808  data_time: 0.3619  memory: 10108  loss: 0.5401  loss_cls: 0.2964  loss_bbox: 0.2437
2026/04/05 02:17:26 - mmengine - INFO - Exp name: rtmdet_nano_card_20260405_021327
2026/04/05 02:17:26 - mmengine - INFO - Epoch(train)  [64][3/3]  base_lr: 7.6480e-04 lr: 1.5296e-03  eta: 0:12:56  time: 0.9789  data_time: 0.3603  memory: 10108  loss: 0.5356  loss_cls: 0.2924  loss_bbox: 0.2432
2026/04/05 02:17:28 - mmengine - INFO - Exp name: rtmdet_nano_card_20260405_021327
2026/04/05 02:17:28 - mmengine - INFO - Epoch(train)  [65][3/3]  base_lr: 7.7681e-04 lr: 1.5536e-03  eta: 0:12:51  time: 0.9773  data_time: 0.3592  memory: 10108  loss: 0.5318  loss_cls: 0.2896  loss_bbox: 0.2422
2026/04/05 02:17:32 - mmengine - INFO - Exp name: rtmdet_nano_card_20260405_021327
2026/04/05 02:17:32 - mmengine - INFO - Epoch(train)  [66][3/3]  base_lr: 7.8882e-04 lr: 1.5776e-03  eta: 0:12:47  time: 0.9852  data_time: 0.3678  memory: 10108  loss: 0.5271  loss_cls: 0.2860  loss_bbox: 0.2411
2026/04/05 02:17:35 - mmengine - INFO - Exp name: rtmdet_nano_card_20260405_021327
2026/04/05 02:17:35 - mmengine - INFO - Epoch(train)  [67][3/3]  base_lr: 8.0083e-04 lr: 1.6017e-03  eta: 0:12:43  time: 0.9847  data_time: 0.3710  memory: 10108  loss: 0.5246  loss_cls: 0.2850  loss_bbox: 0.2396
2026/04/05 02:17:37 - mmengine - INFO - Exp name: rtmdet_nano_card_20260405_021327
2026/04/05 02:17:37 - mmengine - INFO - Epoch(train)  [68][3/3]  base_lr: 8.1284e-04 lr: 1.6257e-03  eta: 0:12:38  time: 0.9788  data_time: 0.3689  memory: 10108  loss: 0.5226  loss_cls: 0.2837  loss_bbox: 0.2389
2026/04/05 02:17:40 - mmengine - INFO - Exp name: rtmdet_nano_card_20260405_021327
2026/04/05 02:17:40 - mmengine - INFO - Epoch(train)  [69][3/3]  base_lr: 8.2486e-04 lr: 1.6497e-03  eta: 0:12:34  time: 0.9765  data_time: 0.3680  memory: 10108  loss: 0.5197  loss_cls: 0.2821  loss_bbox: 0.2375
2026/04/05 02:17:43 - mmengine - INFO - Exp name: rtmdet_nano_card_20260405_021327
2026/04/05 02:17:43 - mmengine - INFO - Epoch(train)  [70][3/3]  base_lr: 8.3687e-04 lr: 1.6737e-03  eta: 0:12:30  time: 0.9778  data_time: 0.3709  memory: 10108  loss: 0.5236  loss_cls: 0.2845  loss_bbox: 0.2391
2026/04/05 02:17:43 - mmengine - INFO - Saving checkpoint at 70 epochs
2026/04/05 02:17:46 - mmengine - INFO - Evaluating bbox...
2026/04/05 02:17:46 - mmengine - INFO - bbox_mAP_copypaste: 0.737 0.920 0.752 -1.000 -1.000 0.737
2026/04/05 02:17:46 - mmengine - INFO - Epoch(val) [70][2/2]    coco/bbox_mAP: 0.7370  coco/bbox_mAP_50: 0.9200  coco/bbox_mAP_75: 0.7520  coco/bbox_mAP_s: -1.0000  coco/bbox_mAP_m: -1.0000  coco/bbox_mAP_l: 0.7370  data_time: 0.0100  time: 0.0518
2026/04/05 02:17:49 - mmengine - INFO - Exp name: rtmdet_nano_card_20260405_021327
2026/04/05 02:17:49 - mmengine - INFO - Epoch(train)  [71][3/3]  base_lr: 8.4888e-04 lr: 1.6978e-03  eta: 0:12:26  time: 0.9810  data_time: 0.3697  memory: 10108  loss: 0.5207  loss_cls: 0.2830  loss_bbox: 0.2377
2026/04/05 02:17:52 - mmengine - INFO - Exp name: rtmdet_nano_card_20260405_021327
2026/04/05 02:17:52 - mmengine - INFO - Epoch(train)  [72][3/3]  base_lr: 8.6089e-04 lr: 1.7218e-03  eta: 0:12:21  time: 0.9782  data_time: 0.3670  memory: 10108  loss: 0.5147  loss_cls: 0.2791  loss_bbox: 0.2356
2026/04/05 02:17:54 - mmengine - INFO - Exp name: rtmdet_nano_card_20260405_021327
2026/04/05 02:17:54 - mmengine - INFO - Epoch(train)  [73][3/3]  base_lr: 8.7290e-04 lr: 1.7458e-03  eta: 0:12:17  time: 0.9712  data_time: 0.3636  memory: 10108  loss: 0.5099  loss_cls: 0.2768  loss_bbox: 0.2331
2026/04/05 02:17:57 - mmengine - INFO - Exp name: rtmdet_nano_card_20260405_021327
2026/04/05 02:17:57 - mmengine - INFO - Epoch(train)  [74][3/3]  base_lr: 8.8492e-04 lr: 1.7698e-03  eta: 0:12:12  time: 0.9691  data_time: 0.3620  memory: 10108  loss: 0.5043  loss_cls: 0.2729  loss_bbox: 0.2314
2026/04/05 02:18:00 - mmengine - INFO - Exp name: rtmdet_nano_card_20260405_021327
2026/04/05 02:18:00 - mmengine - INFO - Epoch(train)  [75][3/3]  base_lr: 8.9693e-04 lr: 1.7939e-03  eta: 0:12:08  time: 0.9676  data_time: 0.3613  memory: 10108  loss: 0.4942  loss_cls: 0.2655  loss_bbox: 0.2287
2026/04/05 02:18:03 - mmengine - INFO - Exp name: rtmdet_nano_card_20260405_021327
2026/04/05 02:18:03 - mmengine - INFO - Epoch(train)  [76][3/3]  base_lr: 9.0894e-04 lr: 1.8179e-03  eta: 0:12:04  time: 0.9676  data_time: 0.3624  memory: 10108  loss: 0.4900  loss_cls: 0.2623  loss_bbox: 0.2277
2026/04/05 02:18:06 - mmengine - INFO - Exp name: rtmdet_nano_card_20260405_021327
2026/04/05 02:18:06 - mmengine - INFO - Epoch(train)  [77][3/3]  base_lr: 9.2095e-04 lr: 1.8419e-03  eta: 0:11:59  time: 0.9507  data_time: 0.3541  memory: 10108  loss: 0.4860  loss_cls: 0.2592  loss_bbox: 0.2268
2026/04/05 02:18:09 - mmengine - INFO - Exp name: rtmdet_nano_card_20260405_021327
2026/04/05 02:18:09 - mmengine - INFO - Epoch(train)  [78][3/3]  base_lr: 9.3296e-04 lr: 1.8659e-03  eta: 0:11:54  time: 0.9509  data_time: 0.3546  memory: 10108  loss: 0.4840  loss_cls: 0.2574  loss_bbox: 0.2266
2026/04/05 02:18:11 - mmengine - INFO - Exp name: rtmdet_nano_card_20260405_021327
2026/04/05 02:18:11 - mmengine - INFO - Epoch(train)  [79][3/3]  base_lr: 9.4498e-04 lr: 1.8900e-03  eta: 0:11:50  time: 0.9493  data_time: 0.3539  memory: 10108  loss: 0.4846  loss_cls: 0.2568  loss_bbox: 0.2279
2026/04/05 02:18:14 - mmengine - INFO - Exp name: rtmdet_nano_card_20260405_021327
2026/04/05 02:18:14 - mmengine - INFO - Epoch(train)  [80][3/3]  base_lr: 9.5699e-04 lr: 1.9140e-03  eta: 0:11:46  time: 0.9476  data_time: 0.3527  memory: 10108  loss: 0.4850  loss_cls: 0.2569  loss_bbox: 0.2281
2026/04/05 02:18:14 - mmengine - INFO - Saving checkpoint at 80 epochs
2026/04/05 02:18:16 - mmengine - INFO - Evaluating bbox...
2026/04/05 02:18:17 - mmengine - INFO - bbox_mAP_copypaste: 0.455 0.701 0.367 -1.000 -1.000 0.457
2026/04/05 02:18:17 - mmengine - INFO - Epoch(val) [80][2/2]    coco/bbox_mAP: 0.4550  coco/bbox_mAP_50: 0.7010  coco/bbox_mAP_75: 0.3670  coco/bbox_mAP_s: -1.0000  coco/bbox_mAP_m: -1.0000  coco/bbox_mAP_l: 0.4570  data_time: 0.0092  time: 0.0514
2026/04/05 02:18:20 - mmengine - INFO - Exp name: rtmdet_nano_card_20260405_021327
2026/04/05 02:18:20 - mmengine - INFO - Epoch(train)  [81][3/3]  base_lr: 9.6900e-04 lr: 1.9380e-03  eta: 0:11:42  time: 0.9520  data_time: 0.3559  memory: 10108  loss: 0.4855  loss_cls: 0.2566  loss_bbox: 0.2289
2026/04/05 02:18:22 - mmengine - INFO - Exp name: rtmdet_nano_card_20260405_021327
2026/04/05 02:18:22 - mmengine - INFO - Epoch(train)  [82][3/3]  base_lr: 9.8101e-04 lr: 1.9620e-03  eta: 0:11:38  time: 0.9462  data_time: 0.3505  memory: 10108  loss: 0.4862  loss_cls: 0.2573  loss_bbox: 0.2289
2026/04/05 02:18:25 - mmengine - INFO - Exp name: rtmdet_nano_card_20260405_021327
2026/04/05 02:18:25 - mmengine - INFO - Epoch(train)  [83][3/3]  base_lr: 9.9302e-04 lr: 1.9860e-03  eta: 0:11:34  time: 0.9485  data_time: 0.3506  memory: 10108  loss: 0.4851  loss_cls: 0.2555  loss_bbox: 0.2296
2026/04/05 02:18:28 - mmengine - INFO - Exp name: rtmdet_nano_card_20260405_021327
2026/04/05 02:18:28 - mmengine - INFO - Epoch(train)  [84][3/3]  base_lr: 1.0050e-03 lr: 2.0101e-03  eta: 0:11:30  time: 0.9489  data_time: 0.3520  memory: 10108  loss: 0.4794  loss_cls: 0.2508  loss_bbox: 0.2286
2026/04/05 02:18:31 - mmengine - INFO - Exp name: rtmdet_nano_card_20260405_021327
2026/04/05 02:18:31 - mmengine - INFO - Epoch(train)  [85][3/3]  base_lr: 1.0170e-03 lr: 2.0341e-03  eta: 0:11:27  time: 0.9513  data_time: 0.3551  memory: 10108  loss: 0.4803  loss_cls: 0.2516  loss_bbox: 0.2287
2026/04/05 02:18:35 - mmengine - INFO - Exp name: rtmdet_nano_card_20260405_021327
2026/04/05 02:18:35 - mmengine - INFO - Epoch(train)  [86][3/3]  base_lr: 1.0291e-03 lr: 2.0581e-03  eta: 0:11:23  time: 0.9519  data_time: 0.3564  memory: 10108  loss: 0.4805  loss_cls: 0.2508  loss_bbox: 0.2297
2026/04/05 02:18:38 - mmengine - INFO - Exp name: rtmdet_nano_card_20260405_021327
2026/04/05 02:18:38 - mmengine - INFO - Epoch(train)  [87][3/3]  base_lr: 1.0411e-03 lr: 2.0821e-03  eta: 0:11:20  time: 0.9531  data_time: 0.3593  memory: 10108  loss: 0.4768  loss_cls: 0.2475  loss_bbox: 0.2293
2026/04/05 02:18:41 - mmengine - INFO - Exp name: rtmdet_nano_card_20260405_021327
2026/04/05 02:18:41 - mmengine - INFO - Epoch(train)  [88][3/3]  base_lr: 1.0531e-03 lr: 2.1062e-03  eta: 0:11:16  time: 0.9566  data_time: 0.3641  memory: 10108  loss: 0.4755  loss_cls: 0.2456  loss_bbox: 0.2299
2026/04/05 02:18:44 - mmengine - INFO - Exp name: rtmdet_nano_card_20260405_021327
2026/04/05 02:18:44 - mmengine - INFO - Epoch(train)  [89][3/3]  base_lr: 1.0651e-03 lr: 2.1302e-03  eta: 0:11:12  time: 0.9587  data_time: 0.3645  memory: 10108  loss: 0.4767  loss_cls: 0.2446  loss_bbox: 0.2321
2026/04/05 02:18:47 - mmengine - INFO - Exp name: rtmdet_nano_card_20260405_021327
2026/04/05 02:18:47 - mmengine - INFO - Epoch(train)  [90][3/3]  base_lr: 1.0771e-03 lr: 2.1542e-03  eta: 0:11:09  time: 0.9650  data_time: 0.3694  memory: 10108  loss: 0.4806  loss_cls: 0.2464  loss_bbox: 0.2342
2026/04/05 02:18:47 - mmengine - INFO - Saving checkpoint at 90 epochs
2026/04/05 02:18:49 - mmengine - INFO - Evaluating bbox...
2026/04/05 02:18:49 - mmengine - INFO - bbox_mAP_copypaste: 0.696 0.934 0.839 -1.000 -1.000 0.696
2026/04/05 02:18:49 - mmengine - INFO - Epoch(val) [90][2/2]    coco/bbox_mAP: 0.6960  coco/bbox_mAP_50: 0.9340  coco/bbox_mAP_75: 0.8390  coco/bbox_mAP_s: -1.0000  coco/bbox_mAP_m: -1.0000  coco/bbox_mAP_l: 0.6960  data_time: 0.0097  time: 0.0510
2026/04/05 02:18:52 - mmengine - INFO - Exp name: rtmdet_nano_card_20260405_021327
2026/04/05 02:18:52 - mmengine - INFO - Epoch(train)  [91][3/3]  base_lr: 1.0891e-03 lr: 2.1782e-03  eta: 0:11:06  time: 0.9704  data_time: 0.3711  memory: 10108  loss: 0.4844  loss_cls: 0.2486  loss_bbox: 0.2357
2026/04/05 02:18:55 - mmengine - INFO - Exp name: rtmdet_nano_card_20260405_021327
2026/04/05 02:18:55 - mmengine - INFO - Epoch(train)  [92][3/3]  base_lr: 1.1011e-03 lr: 2.2023e-03  eta: 0:11:02  time: 0.9704  data_time: 0.3709  memory: 10108  loss: 0.4914  loss_cls: 0.2531  loss_bbox: 0.2383
2026/04/05 02:18:58 - mmengine - INFO - Exp name: rtmdet_nano_card_20260405_021327
2026/04/05 02:18:58 - mmengine - INFO - Epoch(train)  [93][3/3]  base_lr: 1.1131e-03 lr: 2.2263e-03  eta: 0:10:58  time: 0.9732  data_time: 0.3725  memory: 10108  loss: 0.4935  loss_cls: 0.2542  loss_bbox: 0.2394
2026/04/05 02:19:01 - mmengine - INFO - Exp name: rtmdet_nano_card_20260405_021327
2026/04/05 02:19:01 - mmengine - INFO - Epoch(train)  [94][3/3]  base_lr: 1.1252e-03 lr: 2.2503e-03  eta: 0:10:55  time: 0.9774  data_time: 0.3738  memory: 10108  loss: 0.4952  loss_cls: 0.2543  loss_bbox: 0.2409
2026/04/05 02:19:04 - mmengine - INFO - Exp name: rtmdet_nano_card_20260405_021327
2026/04/05 02:19:04 - mmengine - INFO - Epoch(train)  [95][3/3]  base_lr: 1.1372e-03 lr: 2.2743e-03  eta: 0:10:51  time: 0.9794  data_time: 0.3755  memory: 10108  loss: 0.4979  loss_cls: 0.2557  loss_bbox: 0.2422
2026/04/05 02:19:07 - mmengine - INFO - Exp name: rtmdet_nano_card_20260405_021327
2026/04/05 02:19:07 - mmengine - INFO - Epoch(train)  [96][3/3]  base_lr: 1.1492e-03 lr: 2.2984e-03  eta: 0:10:47  time: 0.9822  data_time: 0.3788  memory: 10108  loss: 0.4976  loss_cls: 0.2549  loss_bbox: 0.2427
2026/04/05 02:19:10 - mmengine - INFO - Exp name: rtmdet_nano_card_20260405_021327
2026/04/05 02:19:10 - mmengine - INFO - Epoch(train)  [97][3/3]  base_lr: 1.1612e-03 lr: 2.3224e-03  eta: 0:10:43  time: 0.9809  data_time: 0.3803  memory: 10108  loss: 0.4957  loss_cls: 0.2525  loss_bbox: 0.2431
2026/04/05 02:19:13 - mmengine - INFO - Exp name: rtmdet_nano_card_20260405_021327
2026/04/05 02:19:13 - mmengine - INFO - Epoch(train)  [98][3/3]  base_lr: 1.1732e-03 lr: 2.3464e-03  eta: 0:10:40  time: 0.9830  data_time: 0.3823  memory: 10108  loss: 0.4930  loss_cls: 0.2508  loss_bbox: 0.2421
2026/04/05 02:19:16 - mmengine - INFO - Exp name: rtmdet_nano_card_20260405_021327
2026/04/05 02:19:16 - mmengine - INFO - Epoch(train)  [99][3/3]  base_lr: 1.1852e-03 lr: 2.3704e-03  eta: 0:10:36  time: 0.9845  data_time: 0.3804  memory: 10108  loss: 0.4937  loss_cls: 0.2505  loss_bbox: 0.2432
2026/04/05 02:19:19 - mmengine - INFO - Exp name: rtmdet_nano_card_20260405_021327
2026/04/05 02:19:19 - mmengine - INFO - Epoch(train) [100][3/3]  base_lr: 1.1972e-03 lr: 2.3945e-03  eta: 0:10:33  time: 0.9849  data_time: 0.3821  memory: 10108  loss: 0.4967  loss_cls: 0.2527  loss_bbox: 0.2440
2026/04/05 02:19:19 - mmengine - INFO - Saving checkpoint at 100 epochs
2026/04/05 02:19:20 - mmengine - INFO - Evaluating bbox...
2026/04/05 02:19:20 - mmengine - INFO - bbox_mAP_copypaste: 0.702 0.831 0.727 -1.000 -1.000 0.708
2026/04/05 02:19:21 - mmengine - INFO - Epoch(val) [100][2/2]    coco/bbox_mAP: 0.7020  coco/bbox_mAP_50: 0.8310  coco/bbox_mAP_75: 0.7270  coco/bbox_mAP_s: -1.0000  coco/bbox_mAP_m: -1.0000  coco/bbox_mAP_l: 0.7080  data_time: 0.0106  time: 0.0501
2026/04/05 02:19:24 - mmengine - INFO - Exp name: rtmdet_nano_card_20260405_021327
2026/04/05 02:19:24 - mmengine - INFO - Epoch(train) [101][3/3]  base_lr: 1.2092e-03 lr: 2.4185e-03  eta: 0:10:30  time: 0.9882  data_time: 0.3783  memory: 10108  loss: 0.4975  loss_cls: 0.2535  loss_bbox: 0.2441
2026/04/05 02:19:27 - mmengine - INFO - Exp name: rtmdet_nano_card_20260405_021327
2026/04/05 02:19:27 - mmengine - INFO - Epoch(train) [102][3/3]  base_lr: 1.2212e-03 lr: 2.4425e-03  eta: 0:10:26  time: 0.9877  data_time: 0.3777  memory: 10108  loss: 0.4944  loss_cls: 0.2519  loss_bbox: 0.2425
2026/04/05 02:19:30 - mmengine - INFO - Exp name: rtmdet_nano_card_20260405_021327
2026/04/05 02:19:30 - mmengine - INFO - Epoch(train) [103][3/3]  base_lr: 1.2333e-03 lr: 2.4665e-03  eta: 0:10:23  time: 0.9880  data_time: 0.3752  memory: 10108  loss: 0.4940  loss_cls: 0.2520  loss_bbox: 0.2420
2026/04/05 02:19:33 - mmengine - INFO - Exp name: rtmdet_nano_card_20260405_021327
2026/04/05 02:19:33 - mmengine - INFO - Epoch(train) [104][3/3]  base_lr: 1.2453e-03 lr: 2.4905e-03  eta: 0:10:20  time: 0.9947  data_time: 0.3812  memory: 10108  loss: 0.4936  loss_cls: 0.2522  loss_bbox: 0.2414
2026/04/05 02:19:36 - mmengine - INFO - Exp name: rtmdet_nano_card_20260405_021327
2026/04/05 02:19:36 - mmengine - INFO - Epoch(train) [105][3/3]  base_lr: 1.2573e-03 lr: 2.5146e-03  eta: 0:10:17  time: 0.9946  data_time: 0.3813  memory: 10108  loss: 0.4915  loss_cls: 0.2517  loss_bbox: 0.2398
2026/04/05 02:19:39 - mmengine - INFO - Exp name: rtmdet_nano_card_20260405_021327
2026/04/05 02:19:39 - mmengine - INFO - Epoch(train) [106][3/3]  base_lr: 1.2693e-03 lr: 2.5386e-03  eta: 0:10:13  time: 0.9893  data_time: 0.3775  memory: 10108  loss: 0.4906  loss_cls: 0.2516  loss_bbox: 0.2390
2026/04/05 02:19:42 - mmengine - INFO - Exp name: rtmdet_nano_card_20260405_021327
2026/04/05 02:19:42 - mmengine - INFO - Epoch(train) [107][3/3]  base_lr: 1.2813e-03 lr: 2.5626e-03  eta: 0:10:10  time: 0.9871  data_time: 0.3773  memory: 10108  loss: 0.4875  loss_cls: 0.2501  loss_bbox: 0.2374
2026/04/05 02:19:45 - mmengine - INFO - Exp name: rtmdet_nano_card_20260405_021327
2026/04/05 02:19:45 - mmengine - INFO - Epoch(train) [108][3/3]  base_lr: 1.2933e-03 lr: 2.5866e-03  eta: 0:10:07  time: 0.9940  data_time: 0.3818  memory: 10108  loss: 0.4863  loss_cls: 0.2479  loss_bbox: 0.2384
2026/04/05 02:19:49 - mmengine - INFO - Exp name: rtmdet_nano_card_20260405_021327
2026/04/05 02:19:49 - mmengine - INFO - Epoch(train) [109][3/3]  base_lr: 1.3053e-03 lr: 2.6107e-03  eta: 0:10:04  time: 1.0028  data_time: 0.3895  memory: 10108  loss: 0.4849  loss_cls: 0.2462  loss_bbox: 0.2387
2026/04/05 02:19:52 - mmengine - INFO - Exp name: rtmdet_nano_card_20260405_021327
2026/04/05 02:19:52 - mmengine - INFO - Epoch(train) [110][3/3]  base_lr: 1.3173e-03 lr: 2.6347e-03  eta: 0:10:01  time: 1.0054  data_time: 0.3931  memory: 10108  loss: 0.4832  loss_cls: 0.2449  loss_bbox: 0.2382
2026/04/05 02:19:52 - mmengine - INFO - Saving checkpoint at 110 epochs
2026/04/05 02:19:54 - mmengine - INFO - Evaluating bbox...
2026/04/05 02:19:54 - mmengine - INFO - bbox_mAP_copypaste: 0.797 0.954 0.954 -1.000 -1.000 0.797
2026/04/05 02:19:54 - mmengine - INFO - Epoch(val) [110][2/2]    coco/bbox_mAP: 0.7970  coco/bbox_mAP_50: 0.9540  coco/bbox_mAP_75: 0.9540  coco/bbox_mAP_s: -1.0000  coco/bbox_mAP_m: -1.0000  coco/bbox_mAP_l: 0.7970  data_time: 0.0098  time: 0.0518
2026/04/05 02:19:57 - mmengine - INFO - Exp name: rtmdet_nano_card_20260405_021327
2026/04/05 02:19:57 - mmengine - INFO - Epoch(train) [111][3/3]  base_lr: 1.3294e-03 lr: 2.6587e-03  eta: 0:09:57  time: 1.0056  data_time: 0.3906  memory: 10108  loss: 0.4813  loss_cls: 0.2438  loss_bbox: 0.2375
2026/04/05 02:20:00 - mmengine - INFO - Exp name: rtmdet_nano_card_20260405_021327
2026/04/05 02:20:00 - mmengine - INFO - Epoch(train) [112][3/3]  base_lr: 1.3414e-03 lr: 2.6827e-03  eta: 0:09:54  time: 1.0054  data_time: 0.3889  memory: 10108  loss: 0.4855  loss_cls: 0.2471  loss_bbox: 0.2384
2026/04/05 02:20:03 - mmengine - INFO - Exp name: rtmdet_nano_card_20260405_021327
2026/04/05 02:20:03 - mmengine - INFO - Epoch(train) [113][3/3]  base_lr: 1.3534e-03 lr: 2.7068e-03  eta: 0:09:50  time: 1.0010  data_time: 0.3844  memory: 10108  loss: 0.4903  loss_cls: 0.2508  loss_bbox: 0.2394
2026/04/05 02:20:06 - mmengine - INFO - Exp name: rtmdet_nano_card_20260405_021327
2026/04/05 02:20:06 - mmengine - INFO - Epoch(train) [114][3/3]  base_lr: 1.3654e-03 lr: 2.7308e-03  eta: 0:09:46  time: 1.0020  data_time: 0.3841  memory: 10108  loss: 0.4894  loss_cls: 0.2503  loss_bbox: 0.2391
2026/04/05 02:20:09 - mmengine - INFO - Exp name: rtmdet_nano_card_20260405_021327
2026/04/05 02:20:09 - mmengine - INFO - Epoch(train) [115][3/3]  base_lr: 1.3774e-03 lr: 2.7548e-03  eta: 0:09:43  time: 1.0009  data_time: 0.3829  memory: 10108  loss: 0.4899  loss_cls: 0.2508  loss_bbox: 0.2391
2026/04/05 02:20:11 - mmengine - INFO - Exp name: rtmdet_nano_card_20260405_021327
2026/04/05 02:20:11 - mmengine - INFO - Epoch(train) [116][3/3]  base_lr: 1.3894e-03 lr: 2.7788e-03  eta: 0:09:39  time: 0.9943  data_time: 0.3805  memory: 10108  loss: 0.4874  loss_cls: 0.2498  loss_bbox: 0.2377
2026/04/05 02:20:14 - mmengine - INFO - Exp name: rtmdet_nano_card_20260405_021327
2026/04/05 02:20:14 - mmengine - INFO - Epoch(train) [117][3/3]  base_lr: 1.4014e-03 lr: 2.8029e-03  eta: 0:09:35  time: 0.9883  data_time: 0.3785  memory: 10108  loss: 0.4873  loss_cls: 0.2499  loss_bbox: 0.2374
2026/04/05 02:20:18 - mmengine - INFO - Exp name: rtmdet_nano_card_20260405_021327
2026/04/05 02:20:18 - mmengine - INFO - Epoch(train) [118][3/3]  base_lr: 1.4134e-03 lr: 2.8269e-03  eta: 0:09:32  time: 0.9920  data_time: 0.3849  memory: 10108  loss: 0.4868  loss_cls: 0.2481  loss_bbox: 0.2387
2026/04/05 02:20:21 - mmengine - INFO - Exp name: rtmdet_nano_card_20260405_021327
2026/04/05 02:20:21 - mmengine - INFO - Epoch(train) [119][3/3]  base_lr: 1.4255e-03 lr: 2.8509e-03  eta: 0:09:29  time: 0.9924  data_time: 0.3874  memory: 10108  loss: 0.4893  loss_cls: 0.2489  loss_bbox: 0.2404
2026/04/05 02:20:23 - mmengine - INFO - Exp name: rtmdet_nano_card_20260405_021327
2026/04/05 02:20:23 - mmengine - INFO - Epoch(train) [120][3/3]  base_lr: 1.4375e-03 lr: 2.8749e-03  eta: 0:09:25  time: 0.9798  data_time: 0.3787  memory: 10108  loss: 0.4909  loss_cls: 0.2497  loss_bbox: 0.2412
2026/04/05 02:20:23 - mmengine - INFO - Saving checkpoint at 120 epochs
2026/04/05 02:20:25 - mmengine - INFO - Evaluating bbox...
2026/04/05 02:20:25 - mmengine - INFO - bbox_mAP_copypaste: 0.707 0.902 0.758 -1.000 -1.000 0.714
2026/04/05 02:20:25 - mmengine - INFO - Epoch(val) [120][2/2]    coco/bbox_mAP: 0.7070  coco/bbox_mAP_50: 0.9020  coco/bbox_mAP_75: 0.7580  coco/bbox_mAP_s: -1.0000  coco/bbox_mAP_m: -1.0000  coco/bbox_mAP_l: 0.7140  data_time: 0.0089  time: 0.0497
2026/04/05 02:20:29 - mmengine - INFO - Exp name: rtmdet_nano_card_20260405_021327
2026/04/05 02:20:29 - mmengine - INFO - Epoch(train) [121][3/3]  base_lr: 1.4495e-03 lr: 2.8989e-03  eta: 0:09:22  time: 0.9820  data_time: 0.3774  memory: 10108  loss: 0.4923  loss_cls: 0.2494  loss_bbox: 0.2429
2026/04/05 02:20:31 - mmengine - INFO - Exp name: rtmdet_nano_card_20260405_021327
2026/04/05 02:20:31 - mmengine - INFO - Epoch(train) [122][3/3]  base_lr: 1.4615e-03 lr: 2.9230e-03  eta: 0:09:18  time: 0.9790  data_time: 0.3748  memory: 10108  loss: 0.4911  loss_cls: 0.2480  loss_bbox: 0.2431
2026/04/05 02:20:34 - mmengine - INFO - Exp name: rtmdet_nano_card_20260405_021327
2026/04/05 02:20:34 - mmengine - INFO - Epoch(train) [123][3/3]  base_lr: 1.4735e-03 lr: 2.9470e-03  eta: 0:09:15  time: 0.9778  data_time: 0.3737  memory: 10108  loss: 0.4912  loss_cls: 0.2483  loss_bbox: 0.2430
2026/04/05 02:20:37 - mmengine - INFO - Exp name: rtmdet_nano_card_20260405_021327
2026/04/05 02:20:37 - mmengine - INFO - Epoch(train) [124][3/3]  base_lr: 1.4855e-03 lr: 2.9710e-03  eta: 0:09:12  time: 0.9724  data_time: 0.3690  memory: 10108  loss: 0.4900  loss_cls: 0.2467  loss_bbox: 0.2434
2026/04/05 02:20:40 - mmengine - INFO - Exp name: rtmdet_nano_card_20260405_021327
2026/04/05 02:20:40 - mmengine - INFO - Epoch(train) [125][3/3]  base_lr: 1.4975e-03 lr: 2.9950e-03  eta: 0:09:08  time: 0.9648  data_time: 0.3630  memory: 10108  loss: 0.4894  loss_cls: 0.2472  loss_bbox: 0.2422
2026/04/05 02:20:43 - mmengine - INFO - Exp name: rtmdet_nano_card_20260405_021327
2026/04/05 02:20:43 - mmengine - INFO - Epoch(train) [126][3/3]  base_lr: 1.5095e-03 lr: 3.0191e-03  eta: 0:09:05  time: 0.9587  data_time: 0.3579  memory: 10108  loss: 0.4908  loss_cls: 0.2479  loss_bbox: 0.2429
2026/04/05 02:20:46 - mmengine - INFO - Exp name: rtmdet_nano_card_20260405_021327
2026/04/05 02:20:46 - mmengine - INFO - Epoch(train) [127][3/3]  base_lr: 1.5215e-03 lr: 3.0431e-03  eta: 0:09:01  time: 0.9578  data_time: 0.3600  memory: 10108  loss: 0.4897  loss_cls: 0.2477  loss_bbox: 0.2420
2026/04/05 02:20:49 - mmengine - INFO - Exp name: rtmdet_nano_card_20260405_021327
2026/04/05 02:20:49 - mmengine - INFO - Epoch(train) [128][3/3]  base_lr: 1.5336e-03 lr: 3.0671e-03  eta: 0:08:58  time: 0.9594  data_time: 0.3621  memory: 10108  loss: 0.4893  loss_cls: 0.2470  loss_bbox: 0.2424
2026/04/05 02:20:52 - mmengine - INFO - Exp name: rtmdet_nano_card_20260405_021327
2026/04/05 02:20:52 - mmengine - INFO - Epoch(train) [129][3/3]  base_lr: 1.5456e-03 lr: 3.0911e-03  eta: 0:08:54  time: 0.9623  data_time: 0.3639  memory: 10108  loss: 0.4855  loss_cls: 0.2439  loss_bbox: 0.2416
2026/04/05 02:20:55 - mmengine - INFO - Exp name: rtmdet_nano_card_20260405_021327
2026/04/05 02:20:55 - mmengine - INFO - Epoch(train) [130][3/3]  base_lr: 1.5576e-03 lr: 3.1152e-03  eta: 0:08:51  time: 0.9623  data_time: 0.3630  memory: 10108  loss: 0.4819  loss_cls: 0.2407  loss_bbox: 0.2412
2026/04/05 02:20:55 - mmengine - INFO - Saving checkpoint at 130 epochs
2026/04/05 02:20:57 - mmengine - INFO - Evaluating bbox...
2026/04/05 02:20:57 - mmengine - INFO - bbox_mAP_copypaste: 0.213 0.365 0.211 -1.000 -1.000 0.213
2026/04/05 02:20:57 - mmengine - INFO - Epoch(val) [130][2/2]    coco/bbox_mAP: 0.2130  coco/bbox_mAP_50: 0.3650  coco/bbox_mAP_75: 0.2110  coco/bbox_mAP_s: -1.0000  coco/bbox_mAP_m: -1.0000  coco/bbox_mAP_l: 0.2130  data_time: 0.0087  time: 0.0444
2026/04/05 02:21:00 - mmengine - INFO - Exp name: rtmdet_nano_card_20260405_021327
2026/04/05 02:21:00 - mmengine - INFO - Epoch(train) [131][3/3]  base_lr: 1.5696e-03 lr: 3.1392e-03  eta: 0:08:48  time: 0.9652  data_time: 0.3638  memory: 10108  loss: 0.4798  loss_cls: 0.2388  loss_bbox: 0.2410
2026/04/05 02:21:03 - mmengine - INFO - Exp name: rtmdet_nano_card_20260405_021327
2026/04/05 02:21:03 - mmengine - INFO - Epoch(train) [132][3/3]  base_lr: 1.5816e-03 lr: 3.1632e-03  eta: 0:08:44  time: 0.9661  data_time: 0.3635  memory: 10108  loss: 0.4826  loss_cls: 0.2407  loss_bbox: 0.2418
2026/04/05 02:21:06 - mmengine - INFO - Exp name: rtmdet_nano_card_20260405_021327
2026/04/05 02:21:06 - mmengine - INFO - Epoch(train) [133][3/3]  base_lr: 1.5936e-03 lr: 3.1872e-03  eta: 0:08:41  time: 0.9685  data_time: 0.3638  memory: 10108  loss: 0.4828  loss_cls: 0.2402  loss_bbox: 0.2426
2026/04/05 02:21:09 - mmengine - INFO - Exp name: rtmdet_nano_card_20260405_021327
2026/04/05 02:21:09 - mmengine - INFO - Epoch(train) [134][3/3]  base_lr: 1.6056e-03 lr: 3.2113e-03  eta: 0:08:38  time: 0.9595  data_time: 0.3538  memory: 10108  loss: 0.4859  loss_cls: 0.2416  loss_bbox: 0.2443
2026/04/05 02:21:11 - mmengine - INFO - Exp name: rtmdet_nano_card_20260405_021327
2026/04/05 02:21:11 - mmengine - INFO - Epoch(train) [135][3/3]  base_lr: 1.6176e-03 lr: 3.2353e-03  eta: 0:08:34  time: 0.9563  data_time: 0.3513  memory: 10108  loss: 0.4837  loss_cls: 0.2401  loss_bbox: 0.2436
2026/04/05 02:21:14 - mmengine - INFO - Exp name: rtmdet_nano_card_20260405_021327
2026/04/05 02:21:14 - mmengine - INFO - Epoch(train) [136][3/3]  base_lr: 1.6297e-03 lr: 3.2593e-03  eta: 0:08:30  time: 0.9523  data_time: 0.3476  memory: 10108  loss: 0.4826  loss_cls: 0.2392  loss_bbox: 0.2433
2026/04/05 02:21:17 - mmengine - INFO - Exp name: rtmdet_nano_card_20260405_021327
2026/04/05 02:21:17 - mmengine - INFO - Epoch(train) [137][3/3]  base_lr: 1.6417e-03 lr: 3.2833e-03  eta: 0:08:27  time: 0.9473  data_time: 0.3452  memory: 10108  loss: 0.4859  loss_cls: 0.2415  loss_bbox: 0.2444
2026/04/05 02:21:20 - mmengine - INFO - Exp name: rtmdet_nano_card_20260405_021327
2026/04/05 02:21:20 - mmengine - INFO - Epoch(train) [138][3/3]  base_lr: 1.6537e-03 lr: 3.3074e-03  eta: 0:08:23  time: 0.9457  data_time: 0.3458  memory: 10108  loss: 0.4872  loss_cls: 0.2418  loss_bbox: 0.2454
2026/04/05 02:21:22 - mmengine - INFO - Exp name: rtmdet_nano_card_20260405_021327
2026/04/05 02:21:22 - mmengine - INFO - Epoch(train) [139][3/3]  base_lr: 1.6657e-03 lr: 3.3314e-03  eta: 0:08:20  time: 0.9416  data_time: 0.3429  memory: 10108  loss: 0.4860  loss_cls: 0.2404  loss_bbox: 0.2455
2026/04/05 02:21:25 - mmengine - INFO - Exp name: rtmdet_nano_card_20260405_021327
2026/04/05 02:21:25 - mmengine - INFO - Epoch(train) [140][3/3]  base_lr: 1.6777e-03 lr: 3.3554e-03  eta: 0:08:16  time: 0.9383  data_time: 0.3408  memory: 10108  loss: 0.4899  loss_cls: 0.2433  loss_bbox: 0.2466
2026/04/05 02:21:25 - mmengine - INFO - Saving checkpoint at 140 epochs
2026/04/05 02:21:27 - mmengine - INFO - Evaluating bbox...
2026/04/05 02:21:27 - mmengine - INFO - bbox_mAP_copypaste: 0.628 0.988 0.596 -1.000 -1.000 0.628
2026/04/05 02:21:27 - mmengine - INFO - Epoch(val) [140][2/2]    coco/bbox_mAP: 0.6280  coco/bbox_mAP_50: 0.9880  coco/bbox_mAP_75: 0.5960  coco/bbox_mAP_s: -1.0000  coco/bbox_mAP_m: -1.0000  coco/bbox_mAP_l: 0.6280  data_time: 0.0089  time: 0.0441
2026/04/05 02:21:30 - mmengine - INFO - Exp name: rtmdet_nano_card_20260405_021327
2026/04/05 02:21:30 - mmengine - INFO - Epoch(train) [141][3/3]  base_lr: 1.6897e-03 lr: 3.3794e-03  eta: 0:08:13  time: 0.9376  data_time: 0.3376  memory: 10108  loss: 0.4911  loss_cls: 0.2437  loss_bbox: 0.2473
2026/04/05 02:21:33 - mmengine - INFO - Exp name: rtmdet_nano_card_20260405_021327
2026/04/05 02:21:33 - mmengine - INFO - Epoch(train) [142][3/3]  base_lr: 1.7017e-03 lr: 3.4034e-03  eta: 0:08:10  time: 0.9382  data_time: 0.3374  memory: 10108  loss: 0.4929  loss_cls: 0.2452  loss_bbox: 0.2478
2026/04/05 02:21:36 - mmengine - INFO - Exp name: rtmdet_nano_card_20260405_021327
2026/04/05 02:21:36 - mmengine - INFO - Epoch(train) [143][3/3]  base_lr: 1.7137e-03 lr: 3.4275e-03  eta: 0:08:06  time: 0.9380  data_time: 0.3373  memory: 10108  loss: 0.4946  loss_cls: 0.2465  loss_bbox: 0.2481
2026/04/05 02:21:39 - mmengine - INFO - Exp name: rtmdet_nano_card_20260405_021327
2026/04/05 02:21:39 - mmengine - INFO - Epoch(train) [144][3/3]  base_lr: 1.7257e-03 lr: 3.4515e-03  eta: 0:08:03  time: 0.9357  data_time: 0.3364  memory: 10108  loss: 0.4962  loss_cls: 0.2469  loss_bbox: 0.2493
2026/04/05 02:21:42 - mmengine - INFO - Exp name: rtmdet_nano_card_20260405_021327
2026/04/05 02:21:42 - mmengine - INFO - Epoch(train) [145][3/3]  base_lr: 1.7378e-03 lr: 3.4755e-03  eta: 0:08:00  time: 0.9375  data_time: 0.3386  memory: 10108  loss: 0.4984  loss_cls: 0.2480  loss_bbox: 0.2503
2026/04/05 02:21:45 - mmengine - INFO - Exp name: rtmdet_nano_card_20260405_021327
2026/04/05 02:21:45 - mmengine - INFO - Epoch(train) [146][3/3]  base_lr: 1.7498e-03 lr: 3.4995e-03  eta: 0:07:57  time: 0.9371  data_time: 0.3396  memory: 10108  loss: 0.5030  loss_cls: 0.2511  loss_bbox: 0.2519
2026/04/05 02:21:48 - mmengine - INFO - Exp name: rtmdet_nano_card_20260405_021327
2026/04/05 02:21:48 - mmengine - INFO - Epoch(train) [147][3/3]  base_lr: 1.7618e-03 lr: 3.5236e-03  eta: 0:07:53  time: 0.9338  data_time: 0.3396  memory: 10108  loss: 0.5047  loss_cls: 0.2526  loss_bbox: 0.2520
2026/04/05 02:21:50 - mmengine - INFO - Exp name: rtmdet_nano_card_20260405_021327
2026/04/05 02:21:50 - mmengine - INFO - Epoch(train) [148][3/3]  base_lr: 1.7738e-03 lr: 3.5476e-03  eta: 0:07:50  time: 0.9348  data_time: 0.3399  memory: 10108  loss: 0.5023  loss_cls: 0.2496  loss_bbox: 0.2527
2026/04/05 02:21:54 - mmengine - INFO - Exp name: rtmdet_nano_card_20260405_021327
2026/04/05 02:21:54 - mmengine - INFO - Epoch(train) [149][3/3]  base_lr: 1.7858e-03 lr: 3.5716e-03  eta: 0:07:47  time: 0.9393  data_time: 0.3435  memory: 10108  loss: 0.5011  loss_cls: 0.2486  loss_bbox: 0.2525
2026/04/05 02:21:57 - mmengine - INFO - Exp name: rtmdet_nano_card_20260405_021327
2026/04/05 02:21:57 - mmengine - INFO - Epoch(train) [150][3/3]  base_lr: 1.7978e-03 lr: 3.5956e-03  eta: 0:07:44  time: 0.9439  data_time: 0.3450  memory: 10108  loss: 0.5030  loss_cls: 0.2494  loss_bbox: 0.2537
2026/04/05 02:21:57 - mmengine - INFO - Saving checkpoint at 150 epochs
2026/04/05 02:21:59 - mmengine - INFO - Evaluating bbox...
2026/04/05 02:21:59 - mmengine - INFO - bbox_mAP_copypaste: 0.373 0.496 0.391 -1.000 -1.000 0.373
2026/04/05 02:21:59 - mmengine - INFO - Epoch(val) [150][2/2]    coco/bbox_mAP: 0.3730  coco/bbox_mAP_50: 0.4960  coco/bbox_mAP_75: 0.3910  coco/bbox_mAP_s: -1.0000  coco/bbox_mAP_m: -1.0000  coco/bbox_mAP_l: 0.3730  data_time: 0.0134  time: 0.0563
2026/04/05 02:22:02 - mmengine - INFO - Exp name: rtmdet_nano_card_20260405_021327
2026/04/05 02:22:02 - mmengine - INFO - Epoch(train) [151][3/3]  base_lr: 1.8098e-03 lr: 3.6195e-03  eta: 0:07:41  time: 0.9513  data_time: 0.3497  memory: 10108  loss: 0.5057  loss_cls: 0.2509  loss_bbox: 0.2548
2026/04/05 02:22:05 - mmengine - INFO - Exp name: rtmdet_nano_card_20260405_021327
2026/04/05 02:22:05 - mmengine - INFO - Epoch(train) [152][3/3]  base_lr: 1.8213e-03 lr: 3.6426e-03  eta: 0:07:38  time: 0.9599  data_time: 0.3561  memory: 10108  loss: 0.5110  loss_cls: 0.2538  loss_bbox: 0.2573
2026/04/05 02:22:08 - mmengine - INFO - Exp name: rtmdet_nano_card_20260405_021327
2026/04/05 02:22:08 - mmengine - INFO - Epoch(train) [153][3/3]  base_lr: 1.8326e-03 lr: 3.6650e-03  eta: 0:07:35  time: 0.9689  data_time: 0.3636  memory: 10108  loss: 0.5148  loss_cls: 0.2567  loss_bbox: 0.2581
2026/04/05 02:22:12 - mmengine - INFO - Exp name: rtmdet_nano_card_20260405_021327
2026/04/05 02:22:12 - mmengine - INFO - Epoch(train) [154][3/3]  base_lr: 1.8434e-03 lr: 3.6866e-03  eta: 0:07:32  time: 0.9817  data_time: 0.3686  memory: 10108  loss: 0.5143  loss_cls: 0.2563  loss_bbox: 0.2580
2026/04/05 02:22:15 - mmengine - INFO - Exp name: rtmdet_nano_card_20260405_021327
2026/04/05 02:22:15 - mmengine - INFO - Epoch(train) [155][3/3]  base_lr: 1.8539e-03 lr: 3.7074e-03  eta: 0:07:29  time: 0.9882  data_time: 0.3740  memory: 10108  loss: 0.5166  loss_cls: 0.2571  loss_bbox: 0.2595
2026/04/05 02:22:18 - mmengine - INFO - Exp name: rtmdet_nano_card_20260405_021327
2026/04/05 02:22:18 - mmengine - INFO - Epoch(train) [156][3/3]  base_lr: 1.8640e-03 lr: 3.7273e-03  eta: 0:07:25  time: 0.9889  data_time: 0.3741  memory: 10108  loss: 0.5164  loss_cls: 0.2566  loss_bbox: 0.2598
2026/04/05 02:22:21 - mmengine - INFO - Exp name: rtmdet_nano_card_20260405_021327
2026/04/05 02:22:21 - mmengine - INFO - Epoch(train) [157][3/3]  base_lr: 1.8737e-03 lr: 3.7465e-03  eta: 0:07:22  time: 0.9857  data_time: 0.3750  memory: 10108  loss: 0.5182  loss_cls: 0.2572  loss_bbox: 0.2610
2026/04/05 02:22:24 - mmengine - INFO - Exp name: rtmdet_nano_card_20260405_021327
2026/04/05 02:22:24 - mmengine - INFO - Epoch(train) [158][3/3]  base_lr: 1.8830e-03 lr: 3.7648e-03  eta: 0:07:19  time: 0.9876  data_time: 0.3761  memory: 10108  loss: 0.5175  loss_cls: 0.2567  loss_bbox: 0.2609
2026/04/05 02:22:27 - mmengine - INFO - Exp name: rtmdet_nano_card_20260405_021327
2026/04/05 02:22:27 - mmengine - INFO - Epoch(train) [159][3/3]  base_lr: 1.8919e-03 lr: 3.7822e-03  eta: 0:07:16  time: 0.9915  data_time: 0.3768  memory: 10108  loss: 0.5175  loss_cls: 0.2564  loss_bbox: 0.2611
2026/04/05 02:22:30 - mmengine - INFO - Exp name: rtmdet_nano_card_20260405_021327
2026/04/05 02:22:30 - mmengine - INFO - Epoch(train) [160][3/3]  base_lr: 1.9004e-03 lr: 3.7988e-03  eta: 0:07:13  time: 0.9933  data_time: 0.3764  memory: 10108  loss: 0.5163  loss_cls: 0.2553  loss_bbox: 0.2610
2026/04/05 02:22:30 - mmengine - INFO - Saving checkpoint at 160 epochs
2026/04/05 02:22:32 - mmengine - INFO - Evaluating bbox...
2026/04/05 02:22:32 - mmengine - INFO - bbox_mAP_copypaste: 0.481 0.614 0.470 -1.000 -1.000 0.481
2026/04/05 02:22:32 - mmengine - INFO - Epoch(val) [160][2/2]    coco/bbox_mAP: 0.4810  coco/bbox_mAP_50: 0.6140  coco/bbox_mAP_75: 0.4700  coco/bbox_mAP_s: -1.0000  coco/bbox_mAP_m: -1.0000  coco/bbox_mAP_l: 0.4810  data_time: 0.0091  time: 0.0506
2026/04/05 02:22:35 - mmengine - INFO - Exp name: rtmdet_nano_card_20260405_021327
2026/04/05 02:22:35 - mmengine - INFO - Epoch(train) [161][3/3]  base_lr: 1.9085e-03 lr: 3.8145e-03  eta: 0:07:10  time: 0.9990  data_time: 0.3758  memory: 10108  loss: 0.5135  loss_cls: 0.2534  loss_bbox: 0.2601
2026/04/05 02:22:38 - mmengine - INFO - Exp name: rtmdet_nano_card_20260405_021327
2026/04/05 02:22:38 - mmengine - INFO - Epoch(train) [162][3/3]  base_lr: 1.9162e-03 lr: 3.8293e-03  eta: 0:07:06  time: 0.9982  data_time: 0.3734  memory: 10108  loss: 0.5110  loss_cls: 0.2523  loss_bbox: 0.2587
2026/04/05 02:22:41 - mmengine - INFO - Exp name: rtmdet_nano_card_20260405_021327
2026/04/05 02:22:41 - mmengine - INFO - Epoch(train) [163][3/3]  base_lr: 1.9234e-03 lr: 3.8432e-03  eta: 0:07:03  time: 1.0022  data_time: 0.3740  memory: 10108  loss: 0.5096  loss_cls: 0.2513  loss_bbox: 0.2583
2026/04/05 02:22:44 - mmengine - INFO - Exp name: rtmdet_nano_card_20260405_021327
2026/04/05 02:22:44 - mmengine - INFO - Epoch(train) [164][3/3]  base_lr: 1.9302e-03 lr: 3.8562e-03  eta: 0:07:00  time: 1.0070  data_time: 0.3776  memory: 10108  loss: 0.5061  loss_cls: 0.2488  loss_bbox: 0.2573
2026/04/05 02:22:47 - mmengine - INFO - Exp name: rtmdet_nano_card_20260405_021327
2026/04/05 02:22:47 - mmengine - INFO - Epoch(train) [165][3/3]  base_lr: 1.9365e-03 lr: 3.8682e-03  eta: 0:06:57  time: 1.0063  data_time: 0.3756  memory: 10108  loss: 0.5050  loss_cls: 0.2486  loss_bbox: 0.2564
2026/04/05 02:22:50 - mmengine - INFO - Exp name: rtmdet_nano_card_20260405_021327
2026/04/05 02:22:50 - mmengine - INFO - Epoch(train) [166][3/3]  base_lr: 1.9424e-03 lr: 3.8794e-03  eta: 0:06:54  time: 0.9997  data_time: 0.3717  memory: 10108  loss: 0.5038  loss_cls: 0.2486  loss_bbox: 0.2552
2026/04/05 02:22:53 - mmengine - INFO - Exp name: rtmdet_nano_card_20260405_021327
2026/04/05 02:22:53 - mmengine - INFO - Epoch(train) [167][3/3]  base_lr: 1.9479e-03 lr: 3.8895e-03  eta: 0:06:50  time: 0.9918  data_time: 0.3659  memory: 10108  loss: 0.4979  loss_cls: 0.2457  loss_bbox: 0.2522
2026/04/05 02:22:56 - mmengine - INFO - Exp name: rtmdet_nano_card_20260405_021327
2026/04/05 02:22:56 - mmengine - INFO - Epoch(train) [168][3/3]  base_lr: 1.9529e-03 lr: 3.8988e-03  eta: 0:06:47  time: 0.9869  data_time: 0.3613  memory: 10108  loss: 0.4988  loss_cls: 0.2467  loss_bbox: 0.2521
2026/04/05 02:22:58 - mmengine - INFO - Exp name: rtmdet_nano_card_20260405_021327
2026/04/05 02:22:58 - mmengine - INFO - Epoch(train) [169][3/3]  base_lr: 1.9574e-03 lr: 3.9070e-03  eta: 0:06:44  time: 0.9791  data_time: 0.3541  memory: 10108  loss: 0.4987  loss_cls: 0.2466  loss_bbox: 0.2522
2026/04/05 02:23:01 - mmengine - INFO - Exp name: rtmdet_nano_card_20260405_021327
2026/04/05 02:23:01 - mmengine - INFO - Epoch(train) [170][3/3]  base_lr: 1.9615e-03 lr: 3.9144e-03  eta: 0:06:40  time: 0.9671  data_time: 0.3470  memory: 10108  loss: 0.4971  loss_cls: 0.2457  loss_bbox: 0.2514
2026/04/05 02:23:01 - mmengine - INFO - Saving checkpoint at 170 epochs
2026/04/05 02:23:03 - mmengine - INFO - Evaluating bbox...
2026/04/05 02:23:03 - mmengine - INFO - bbox_mAP_copypaste: 0.696 0.836 0.836 -1.000 -1.000 0.696
2026/04/05 02:23:03 - mmengine - INFO - Epoch(val) [170][2/2]    coco/bbox_mAP: 0.6960  coco/bbox_mAP_50: 0.8360  coco/bbox_mAP_75: 0.8360  coco/bbox_mAP_s: -1.0000  coco/bbox_mAP_m: -1.0000  coco/bbox_mAP_l: 0.6960  data_time: 0.0099  time: 0.0341
2026/04/05 02:23:06 - mmengine - INFO - Exp name: rtmdet_nano_card_20260405_021327
2026/04/05 02:23:06 - mmengine - INFO - Epoch(train) [171][3/3]  base_lr: 1.9651e-03 lr: 3.9207e-03  eta: 0:06:37  time: 0.9671  data_time: 0.3443  memory: 10108  loss: 0.4951  loss_cls: 0.2451  loss_bbox: 0.2500
2026/04/05 02:23:09 - mmengine - INFO - Exp name: rtmdet_nano_card_20260405_021327
2026/04/05 02:23:09 - mmengine - INFO - Epoch(train) [172][3/3]  base_lr: 1.9683e-03 lr: 3.9260e-03  eta: 0:06:34  time: 0.9672  data_time: 0.3434  memory: 10108  loss: 0.4916  loss_cls: 0.2440  loss_bbox: 0.2476
2026/04/05 02:23:12 - mmengine - INFO - Exp name: rtmdet_nano_card_20260405_021327
2026/04/05 02:23:12 - mmengine - INFO - Epoch(train) [173][3/3]  base_lr: 1.9710e-03 lr: 3.9304e-03  eta: 0:06:31  time: 0.9651  data_time: 0.3410  memory: 10108  loss: 0.4921  loss_cls: 0.2444  loss_bbox: 0.2477
2026/04/05 02:23:15 - mmengine - INFO - Exp name: rtmdet_nano_card_20260405_021327
2026/04/05 02:23:15 - mmengine - INFO - Epoch(train) [174][3/3]  base_lr: 1.9732e-03 lr: 3.9337e-03  eta: 0:06:27  time: 0.9650  data_time: 0.3403  memory: 10108  loss: 0.4848  loss_cls: 0.2404  loss_bbox: 0.2444
2026/04/05 02:23:17 - mmengine - INFO - Exp name: rtmdet_nano_card_20260405_021327
2026/04/05 02:23:17 - mmengine - INFO - Epoch(train) [175][3/3]  base_lr: 1.9749e-03 lr: 3.9361e-03  eta: 0:06:24  time: 0.9552  data_time: 0.3345  memory: 10108  loss: 0.4793  loss_cls: 0.2375  loss_bbox: 0.2418
2026/04/05 02:23:20 - mmengine - INFO - Exp name: rtmdet_nano_card_20260405_021327
2026/04/05 02:23:20 - mmengine - INFO - Epoch(train) [176][3/3]  base_lr: 1.9761e-03 lr: 3.9375e-03  eta: 0:06:21  time: 0.9507  data_time: 0.3334  memory: 10108  loss: 0.4819  loss_cls: 0.2386  loss_bbox: 0.2433
2026/04/05 02:23:23 - mmengine - INFO - Exp name: rtmdet_nano_card_20260405_021327
2026/04/05 02:23:23 - mmengine - INFO - Epoch(train) [177][3/3]  base_lr: 1.9769e-03 lr: 3.9378e-03  eta: 0:06:18  time: 0.9426  data_time: 0.3301  memory: 10108  loss: 0.4820  loss_cls: 0.2385  loss_bbox: 0.2435
2026/04/05 02:23:26 - mmengine - INFO - Exp name: rtmdet_nano_card_20260405_021327
2026/04/05 02:23:26 - mmengine - INFO - Epoch(train) [178][3/3]  base_lr: 1.9772e-03 lr: 3.9371e-03  eta: 0:06:14  time: 0.9396  data_time: 0.3288  memory: 10108  loss: 0.4848  loss_cls: 0.2405  loss_bbox: 0.2443
2026/04/05 02:23:29 - mmengine - INFO - Exp name: rtmdet_nano_card_20260405_021327
2026/04/05 02:23:29 - mmengine - INFO - Epoch(train) [179][3/3]  base_lr: 1.9770e-03 lr: 3.9355e-03  eta: 0:06:11  time: 0.9386  data_time: 0.3281  memory: 10108  loss: 0.4851  loss_cls: 0.2411  loss_bbox: 0.2440
2026/04/05 02:23:32 - mmengine - INFO - Exp name: rtmdet_nano_card_20260405_021327
2026/04/05 02:23:32 - mmengine - INFO - Epoch(train) [180][3/3]  base_lr: 1.9763e-03 lr: 3.9328e-03  eta: 0:06:08  time: 0.9328  data_time: 0.3245  memory: 10108  loss: 0.4849  loss_cls: 0.2412  loss_bbox: 0.2437
2026/04/05 02:23:32 - mmengine - INFO - Saving checkpoint at 180 epochs
2026/04/05 02:23:33 - mmengine - INFO - Evaluating bbox...
2026/04/05 02:23:34 - mmengine - INFO - bbox_mAP_copypaste: 0.750 0.903 0.903 -1.000 -1.000 0.750
2026/04/05 02:23:34 - mmengine - INFO - Epoch(val) [180][2/2]    coco/bbox_mAP: 0.7500  coco/bbox_mAP_50: 0.9030  coco/bbox_mAP_75: 0.9030  coco/bbox_mAP_s: -1.0000  coco/bbox_mAP_m: -1.0000  coco/bbox_mAP_l: 0.7500  data_time: 0.0088  time: 0.0308
2026/04/05 02:23:37 - mmengine - INFO - Exp name: rtmdet_nano_card_20260405_021327
2026/04/05 02:23:37 - mmengine - INFO - Epoch(train) [181][3/3]  base_lr: 1.9751e-03 lr: 3.9290e-03  eta: 0:06:05  time: 0.9334  data_time: 0.3236  memory: 10108  loss: 0.4891  loss_cls: 0.2439  loss_bbox: 0.2452
2026/04/05 02:23:39 - mmengine - INFO - Exp name: rtmdet_nano_card_20260405_021327
2026/04/05 02:23:39 - mmengine - INFO - Epoch(train) [182][3/3]  base_lr: 1.9734e-03 lr: 3.9243e-03  eta: 0:06:02  time: 0.9355  data_time: 0.3260  memory: 10108  loss: 0.4868  loss_cls: 0.2426  loss_bbox: 0.2442
2026/04/05 02:23:42 - mmengine - INFO - Exp name: rtmdet_nano_card_20260405_021327
2026/04/05 02:23:42 - mmengine - INFO - Epoch(train) [183][3/3]  base_lr: 1.9712e-03 lr: 3.9185e-03  eta: 0:05:58  time: 0.9357  data_time: 0.3263  memory: 10108  loss: 0.4875  loss_cls: 0.2429  loss_bbox: 0.2447
2026/04/05 02:23:45 - mmengine - INFO - Exp name: rtmdet_nano_card_20260405_021327
2026/04/05 02:23:45 - mmengine - INFO - Epoch(train) [184][3/3]  base_lr: 1.9685e-03 lr: 3.9117e-03  eta: 0:05:55  time: 0.9369  data_time: 0.3256  memory: 10108  loss: 0.4882  loss_cls: 0.2429  loss_bbox: 0.2454
2026/04/05 02:23:48 - mmengine - INFO - Exp name: rtmdet_nano_card_20260405_021327
2026/04/05 02:23:48 - mmengine - INFO - Epoch(train) [185][3/3]  base_lr: 1.9654e-03 lr: 3.9039e-03  eta: 0:05:52  time: 0.9376  data_time: 0.3278  memory: 10108  loss: 0.4839  loss_cls: 0.2395  loss_bbox: 0.2444
2026/04/05 02:23:51 - mmengine - INFO - Exp name: rtmdet_nano_card_20260405_021327
2026/04/05 02:23:51 - mmengine - INFO - Epoch(train) [186][3/3]  base_lr: 1.9617e-03 lr: 3.8951e-03  eta: 0:05:49  time: 0.9377  data_time: 0.3263  memory: 10108  loss: 0.4781  loss_cls: 0.2362  loss_bbox: 0.2419
2026/04/05 02:23:54 - mmengine - INFO - Exp name: rtmdet_nano_card_20260405_021327
2026/04/05 02:23:54 - mmengine - INFO - Epoch(train) [187][3/3]  base_lr: 1.9576e-03 lr: 3.8852e-03  eta: 0:05:46  time: 0.9326  data_time: 0.3238  memory: 10108  loss: 0.4774  loss_cls: 0.2351  loss_bbox: 0.2422
2026/04/05 02:23:57 - mmengine - INFO - Exp name: rtmdet_nano_card_20260405_021327
2026/04/05 02:23:57 - mmengine - INFO - Epoch(train) [188][3/3]  base_lr: 1.9530e-03 lr: 3.8743e-03  eta: 0:05:42  time: 0.9313  data_time: 0.3256  memory: 10108  loss: 0.4776  loss_cls: 0.2350  loss_bbox: 0.2426
2026/04/05 02:23:59 - mmengine - INFO - Exp name: rtmdet_nano_card_20260405_021327
2026/04/05 02:23:59 - mmengine - INFO - Epoch(train) [189][3/3]  base_lr: 1.9478e-03 lr: 3.8624e-03  eta: 0:05:39  time: 0.9316  data_time: 0.3278  memory: 10108  loss: 0.4809  loss_cls: 0.2366  loss_bbox: 0.2442
2026/04/05 02:24:02 - mmengine - INFO - Exp name: rtmdet_nano_card_20260405_021327
2026/04/05 02:24:02 - mmengine - INFO - Epoch(train) [190][3/3]  base_lr: 1.9422e-03 lr: 3.8495e-03  eta: 0:05:36  time: 0.9309  data_time: 0.3277  memory: 10108  loss: 0.4792  loss_cls: 0.2352  loss_bbox: 0.2439
2026/04/05 02:24:02 - mmengine - INFO - Saving checkpoint at 190 epochs
2026/04/05 02:24:04 - mmengine - INFO - Evaluating bbox...
2026/04/05 02:24:04 - mmengine - INFO - bbox_mAP_copypaste: 0.189 0.366 0.271 -1.000 -1.000 0.191
2026/04/05 02:24:04 - mmengine - INFO - Epoch(val) [190][2/2]    coco/bbox_mAP: 0.1890  coco/bbox_mAP_50: 0.3660  coco/bbox_mAP_75: 0.2710  coco/bbox_mAP_s: -1.0000  coco/bbox_mAP_m: -1.0000  coco/bbox_mAP_l: 0.1910  data_time: 0.0093  time: 0.0442
2026/04/05 02:24:07 - mmengine - INFO - Exp name: rtmdet_nano_card_20260405_021327
2026/04/05 02:24:07 - mmengine - INFO - Epoch(train) [191][3/3]  base_lr: 1.9361e-03 lr: 3.8356e-03  eta: 0:05:33  time: 0.9334  data_time: 0.3283  memory: 10108  loss: 0.4814  loss_cls: 0.2365  loss_bbox: 0.2450
2026/04/05 02:24:10 - mmengine - INFO - Exp name: rtmdet_nano_card_20260405_021327
2026/04/05 02:24:10 - mmengine - INFO - Epoch(train) [192][3/3]  base_lr: 1.9295e-03 lr: 3.8207e-03  eta: 0:05:30  time: 0.9324  data_time: 0.3279  memory: 10108  loss: 0.4836  loss_cls: 0.2368  loss_bbox: 0.2467
2026/04/05 02:24:13 - mmengine - INFO - Exp name: rtmdet_nano_card_20260405_021327
2026/04/05 02:24:13 - mmengine - INFO - Epoch(train) [193][3/3]  base_lr: 1.9225e-03 lr: 3.8047e-03  eta: 0:05:26  time: 0.9352  data_time: 0.3289  memory: 10108  loss: 0.4845  loss_cls: 0.2375  loss_bbox: 0.2470
2026/04/05 02:24:15 - mmengine - INFO - Exp name: rtmdet_nano_card_20260405_021327
2026/04/05 02:24:15 - mmengine - INFO - Epoch(train) [194][3/3]  base_lr: 1.9149e-03 lr: 3.7878e-03  eta: 0:05:23  time: 0.9354  data_time: 0.3309  memory: 10108  loss: 0.4850  loss_cls: 0.2379  loss_bbox: 0.2471
2026/04/05 02:24:18 - mmengine - INFO - Exp name: rtmdet_nano_card_20260405_021327
2026/04/05 02:24:18 - mmengine - INFO - Epoch(train) [195][3/3]  base_lr: 1.9069e-03 lr: 3.7699e-03  eta: 0:05:20  time: 0.9324  data_time: 0.3281  memory: 10108  loss: 0.4834  loss_cls: 0.2364  loss_bbox: 0.2470
2026/04/05 02:24:21 - mmengine - INFO - Exp name: rtmdet_nano_card_20260405_021327
2026/04/05 02:24:21 - mmengine - INFO - Epoch(train) [196][3/3]  base_lr: 1.8984e-03 lr: 3.7510e-03  eta: 0:05:17  time: 0.9284  data_time: 0.3254  memory: 10108  loss: 0.4835  loss_cls: 0.2357  loss_bbox: 0.2478
2026/04/05 02:24:24 - mmengine - INFO - Exp name: rtmdet_nano_card_20260405_021327
2026/04/05 02:24:24 - mmengine - INFO - Epoch(train) [197][3/3]  base_lr: 1.8894e-03 lr: 3.7311e-03  eta: 0:05:14  time: 0.9252  data_time: 0.3255  memory: 10108  loss: 0.4801  loss_cls: 0.2339  loss_bbox: 0.2463
2026/04/05 02:24:26 - mmengine - INFO - Exp name: rtmdet_nano_card_20260405_021327
2026/04/05 02:24:26 - mmengine - INFO - Epoch(train) [198][3/3]  base_lr: 1.8800e-03 lr: 3.7103e-03  eta: 0:05:10  time: 0.9227  data_time: 0.3235  memory: 10108  loss: 0.4754  loss_cls: 0.2304  loss_bbox: 0.2450
2026/04/05 02:24:29 - mmengine - INFO - Exp name: rtmdet_nano_card_20260405_021327
2026/04/05 02:24:29 - mmengine - INFO - Epoch(train) [199][3/3]  base_lr: 1.8701e-03 lr: 3.6885e-03  eta: 0:05:07  time: 0.9196  data_time: 0.3217  memory: 10108  loss: 0.4731  loss_cls: 0.2280  loss_bbox: 0.2451
2026/04/05 02:24:32 - mmengine - INFO - Exp name: rtmdet_nano_card_20260405_021327
2026/04/05 02:24:32 - mmengine - INFO - Epoch(train) [200][3/3]  base_lr: 1.8597e-03 lr: 3.6658e-03  eta: 0:05:04  time: 0.9248  data_time: 0.3292  memory: 10108  loss: 0.4714  loss_cls: 0.2262  loss_bbox: 0.2452
2026/04/05 02:24:32 - mmengine - INFO - Saving checkpoint at 200 epochs
2026/04/05 02:24:34 - mmengine - INFO - Evaluating bbox...
2026/04/05 02:24:34 - mmengine - INFO - bbox_mAP_copypaste: 0.203 0.304 0.191 -1.000 -1.000 0.204
2026/04/05 02:24:34 - mmengine - INFO - Epoch(val) [200][2/2]    coco/bbox_mAP: 0.2030  coco/bbox_mAP_50: 0.3040  coco/bbox_mAP_75: 0.1910  coco/bbox_mAP_s: -1.0000  coco/bbox_mAP_m: -1.0000  coco/bbox_mAP_l: 0.2040  data_time: 0.0108  time: 0.0489
2026/04/05 02:24:37 - mmengine - INFO - Exp name: rtmdet_nano_card_20260405_021327
2026/04/05 02:24:37 - mmengine - INFO - Epoch(train) [201][3/3]  base_lr: 1.8489e-03 lr: 3.6421e-03  eta: 0:05:01  time: 0.9268  data_time: 0.3300  memory: 10108  loss: 0.4733  loss_cls: 0.2279  loss_bbox: 0.2454
2026/04/05 02:24:40 - mmengine - INFO - Exp name: rtmdet_nano_card_20260405_021327
2026/04/05 02:24:40 - mmengine - INFO - Epoch(train) [202][3/3]  base_lr: 1.8376e-03 lr: 3.6175e-03  eta: 0:04:58  time: 0.9324  data_time: 0.3349  memory: 10108  loss: 0.4735  loss_cls: 0.2282  loss_bbox: 0.2454
2026/04/05 02:24:43 - mmengine - INFO - Exp name: rtmdet_nano_card_20260405_021327
2026/04/05 02:24:43 - mmengine - INFO - Epoch(train) [203][3/3]  base_lr: 1.8259e-03 lr: 3.5919e-03  eta: 0:04:55  time: 0.9344  data_time: 0.3359  memory: 10108  loss: 0.4713  loss_cls: 0.2266  loss_bbox: 0.2447
2026/04/05 02:24:46 - mmengine - INFO - Exp name: rtmdet_nano_card_20260405_021327
2026/04/05 02:24:46 - mmengine - INFO - Epoch(train) [204][3/3]  base_lr: 1.8137e-03 lr: 3.5655e-03  eta: 0:04:52  time: 0.9362  data_time: 0.3348  memory: 10108  loss: 0.4675  loss_cls: 0.2247  loss_bbox: 0.2429
2026/04/05 02:24:49 - mmengine - INFO - Exp name: rtmdet_nano_card_20260405_021327
2026/04/05 02:24:49 - mmengine - INFO - Epoch(train) [205][3/3]  base_lr: 1.8011e-03 lr: 3.5382e-03  eta: 0:04:49  time: 0.9381  data_time: 0.3356  memory: 10108  loss: 0.4644  loss_cls: 0.2221  loss_bbox: 0.2423
2026/04/05 02:24:52 - mmengine - INFO - Exp name: rtmdet_nano_card_20260405_021327
2026/04/05 02:24:52 - mmengine - INFO - Epoch(train) [206][3/3]  base_lr: 1.7881e-03 lr: 3.5100e-03  eta: 0:04:46  time: 0.9407  data_time: 0.3364  memory: 10108  loss: 0.4604  loss_cls: 0.2198  loss_bbox: 0.2406
2026/04/05 02:24:55 - mmengine - INFO - Exp name: rtmdet_nano_card_20260405_021327
2026/04/05 02:24:55 - mmengine - INFO - Epoch(train) [207][3/3]  base_lr: 1.7747e-03 lr: 3.4809e-03  eta: 0:04:43  time: 0.9466  data_time: 0.3402  memory: 10108  loss: 0.4551  loss_cls: 0.2163  loss_bbox: 0.2388
2026/04/05 02:24:58 - mmengine - INFO - Exp name: rtmdet_nano_card_20260405_021327
2026/04/05 02:24:58 - mmengine - INFO - Epoch(train) [208][3/3]  base_lr: 1.7608e-03 lr: 3.4510e-03  eta: 0:04:40  time: 0.9514  data_time: 0.3412  memory: 10108  loss: 0.4543  loss_cls: 0.2151  loss_bbox: 0.2392
2026/04/05 02:25:01 - mmengine - INFO - Exp name: rtmdet_nano_card_20260405_021327
2026/04/05 02:25:01 - mmengine - INFO - Epoch(train) [209][3/3]  base_lr: 1.7465e-03 lr: 3.4202e-03  eta: 0:04:36  time: 0.9511  data_time: 0.3408  memory: 10108  loss: 0.4527  loss_cls: 0.2138  loss_bbox: 0.2389
2026/04/05 02:25:04 - mmengine - INFO - Exp name: rtmdet_nano_card_20260405_021327
2026/04/05 02:25:04 - mmengine - INFO - Epoch(train) [210][3/3]  base_lr: 1.7318e-03 lr: 3.3886e-03  eta: 0:04:33  time: 0.9521  data_time: 0.3429  memory: 10108  loss: 0.4455  loss_cls: 0.2097  loss_bbox: 0.2358
2026/04/05 02:25:04 - mmengine - INFO - Saving checkpoint at 210 epochs
2026/04/05 02:25:06 - mmengine - INFO - Evaluating bbox...
2026/04/05 02:25:06 - mmengine - INFO - bbox_mAP_copypaste: 0.479 0.674 0.453 -1.000 -1.000 0.481
2026/04/05 02:25:06 - mmengine - INFO - Epoch(val) [210][2/2]    coco/bbox_mAP: 0.4790  coco/bbox_mAP_50: 0.6740  coco/bbox_mAP_75: 0.4530  coco/bbox_mAP_s: -1.0000  coco/bbox_mAP_m: -1.0000  coco/bbox_mAP_l: 0.4810  data_time: 0.0110  time: 0.0568
2026/04/05 02:25:09 - mmengine - INFO - Exp name: rtmdet_nano_card_20260405_021327
2026/04/05 02:25:09 - mmengine - INFO - Epoch(train) [211][3/3]  base_lr: 1.7168e-03 lr: 3.3562e-03  eta: 0:04:30  time: 0.9631  data_time: 0.3492  memory: 10108  loss: 0.4406  loss_cls: 0.2066  loss_bbox: 0.2340
2026/04/05 02:25:12 - mmengine - INFO - Exp name: rtmdet_nano_card_20260405_021327
2026/04/05 02:25:12 - mmengine - INFO - Epoch(train) [212][3/3]  base_lr: 1.7013e-03 lr: 3.3230e-03  eta: 0:04:27  time: 0.9689  data_time: 0.3539  memory: 10108  loss: 0.4383  loss_cls: 0.2056  loss_bbox: 0.2327
2026/04/05 02:25:16 - mmengine - INFO - Exp name: rtmdet_nano_card_20260405_021327
2026/04/05 02:25:16 - mmengine - INFO - Epoch(train) [213][3/3]  base_lr: 1.6854e-03 lr: 3.2890e-03  eta: 0:04:24  time: 0.9752  data_time: 0.3589  memory: 10108  loss: 0.4388  loss_cls: 0.2062  loss_bbox: 0.2326
2026/04/05 02:25:19 - mmengine - INFO - Exp name: rtmdet_nano_card_20260405_021327
2026/04/05 02:25:19 - mmengine - INFO - Epoch(train) [214][3/3]  base_lr: 1.6692e-03 lr: 3.2543e-03  eta: 0:04:21  time: 0.9884  data_time: 0.3708  memory: 10108  loss: 0.4417  loss_cls: 0.2082  loss_bbox: 0.2335
2026/04/05 02:25:22 - mmengine - INFO - Exp name: rtmdet_nano_card_20260405_021327
2026/04/05 02:25:22 - mmengine - INFO - Epoch(train) [215][3/3]  base_lr: 1.6526e-03 lr: 3.2188e-03  eta: 0:04:18  time: 0.9956  data_time: 0.3765  memory: 10108  loss: 0.4434  loss_cls: 0.2096  loss_bbox: 0.2338
2026/04/05 02:25:25 - mmengine - INFO - Exp name: rtmdet_nano_card_20260405_021327
2026/04/05 02:25:25 - mmengine - INFO - Epoch(train) [216][3/3]  base_lr: 1.6357e-03 lr: 3.1826e-03  eta: 0:04:15  time: 0.9925  data_time: 0.3705  memory: 10108  loss: 0.4434  loss_cls: 0.2106  loss_bbox: 0.2328
2026/04/05 02:25:28 - mmengine - INFO - Exp name: rtmdet_nano_card_20260405_021327
2026/04/05 02:25:28 - mmengine - INFO - Epoch(train) [217][3/3]  base_lr: 1.6184e-03 lr: 3.1457e-03  eta: 0:04:12  time: 0.9917  data_time: 0.3726  memory: 10108  loss: 0.4409  loss_cls: 0.2093  loss_bbox: 0.2316
2026/04/05 02:25:31 - mmengine - INFO - Exp name: rtmdet_nano_card_20260405_021327
2026/04/05 02:25:31 - mmengine - INFO - Epoch(train) [218][3/3]  base_lr: 1.6008e-03 lr: 3.1081e-03  eta: 0:04:09  time: 0.9924  data_time: 0.3730  memory: 10108  loss: 0.4365  loss_cls: 0.2064  loss_bbox: 0.2302
2026/04/05 02:25:34 - mmengine - INFO - Exp name: rtmdet_nano_card_20260405_021327
2026/04/05 02:25:34 - mmengine - INFO - Epoch(train) [219][3/3]  base_lr: 1.5828e-03 lr: 3.0698e-03  eta: 0:04:06  time: 0.9917  data_time: 0.3738  memory: 10108  loss: 0.4360  loss_cls: 0.2058  loss_bbox: 0.2302
2026/04/05 02:25:37 - mmengine - INFO - Exp name: rtmdet_nano_card_20260405_021327
2026/04/05 02:25:37 - mmengine - INFO - Epoch(train) [220][3/3]  base_lr: 1.5645e-03 lr: 3.0309e-03  eta: 0:04:03  time: 0.9898  data_time: 0.3761  memory: 10108  loss: 0.4324  loss_cls: 0.2037  loss_bbox: 0.2288
2026/04/05 02:25:37 - mmengine - INFO - Saving checkpoint at 220 epochs
2026/04/05 02:25:39 - mmengine - INFO - Evaluating bbox...
2026/04/05 02:25:39 - mmengine - INFO - bbox_mAP_copypaste: 0.725 0.952 0.836 -1.000 -1.000 0.733
2026/04/05 02:25:39 - mmengine - INFO - Epoch(val) [220][2/2]    coco/bbox_mAP: 0.7250  coco/bbox_mAP_50: 0.9520  coco/bbox_mAP_75: 0.8360  coco/bbox_mAP_s: -1.0000  coco/bbox_mAP_m: -1.0000  coco/bbox_mAP_l: 0.7330  data_time: 0.0097  time: 0.0510
2026/04/05 02:25:42 - mmengine - INFO - Exp name: rtmdet_nano_card_20260405_021327
2026/04/05 02:25:42 - mmengine - INFO - Epoch(train) [221][3/3]  base_lr: 1.5460e-03 lr: 2.9914e-03  eta: 0:04:00  time: 0.9965  data_time: 0.3820  memory: 10108  loss: 0.4340  loss_cls: 0.2047  loss_bbox: 0.2294
2026/04/05 02:25:45 - mmengine - INFO - Exp name: rtmdet_nano_card_20260405_021327
2026/04/05 02:25:45 - mmengine - INFO - Epoch(train) [222][3/3]  base_lr: 1.5271e-03 lr: 2.9513e-03  eta: 0:03:57  time: 0.9928  data_time: 0.3792  memory: 10108  loss: 0.4344  loss_cls: 0.2063  loss_bbox: 0.2282
2026/04/05 02:25:48 - mmengine - INFO - Exp name: rtmdet_nano_card_20260405_021327
2026/04/05 02:25:48 - mmengine - INFO - Epoch(train) [223][3/3]  base_lr: 1.5079e-03 lr: 2.9106e-03  eta: 0:03:54  time: 0.9883  data_time: 0.3771  memory: 10108  loss: 0.4355  loss_cls: 0.2072  loss_bbox: 0.2284
2026/04/05 02:25:50 - mmengine - INFO - Exp name: rtmdet_nano_card_20260405_021327
2026/04/05 02:25:50 - mmengine - INFO - Epoch(train) [224][3/3]  base_lr: 1.4884e-03 lr: 2.8693e-03  eta: 0:03:51  time: 0.9810  data_time: 0.3753  memory: 10108  loss: 0.4362  loss_cls: 0.2079  loss_bbox: 0.2283
2026/04/05 02:25:53 - mmengine - INFO - Exp name: rtmdet_nano_card_20260405_021327
2026/04/05 02:25:53 - mmengine - INFO - Epoch(train) [225][3/3]  base_lr: 1.4687e-03 lr: 2.8275e-03  eta: 0:03:47  time: 0.9785  data_time: 0.3743  memory: 10108  loss: 0.4356  loss_cls: 0.2083  loss_bbox: 0.2273
2026/04/05 02:25:56 - mmengine - INFO - Exp name: rtmdet_nano_card_20260405_021327
2026/04/05 02:25:56 - mmengine - INFO - Epoch(train) [226][3/3]  base_lr: 1.4487e-03 lr: 2.7852e-03  eta: 0:03:44  time: 0.9737  data_time: 0.3704  memory: 10108  loss: 0.4322  loss_cls: 0.2072  loss_bbox: 0.2251
2026/04/05 02:25:59 - mmengine - INFO - Exp name: rtmdet_nano_card_20260405_021327
2026/04/05 02:25:59 - mmengine - INFO - Epoch(train) [227][3/3]  base_lr: 1.4285e-03 lr: 2.7424e-03  eta: 0:03:41  time: 0.9686  data_time: 0.3672  memory: 10108  loss: 0.4314  loss_cls: 0.2069  loss_bbox: 0.2244
2026/04/05 02:26:02 - mmengine - INFO - Exp name: rtmdet_nano_card_20260405_021327
2026/04/05 02:26:02 - mmengine - INFO - Epoch(train) [228][3/3]  base_lr: 1.4080e-03 lr: 2.6991e-03  eta: 0:03:38  time: 0.9641  data_time: 0.3634  memory: 10108  loss: 0.4303  loss_cls: 0.2066  loss_bbox: 0.2237
2026/04/05 02:26:04 - mmengine - INFO - Exp name: rtmdet_nano_card_20260405_021327
2026/04/05 02:26:04 - mmengine - INFO - Epoch(train) [229][3/3]  base_lr: 1.3874e-03 lr: 2.6554e-03  eta: 0:03:35  time: 0.9580  data_time: 0.3571  memory: 10108  loss: 0.4271  loss_cls: 0.2045  loss_bbox: 0.2225
2026/04/05 02:26:07 - mmengine - INFO - Exp name: rtmdet_nano_card_20260405_021327
2026/04/05 02:26:07 - mmengine - INFO - Epoch(train) [230][3/3]  base_lr: 1.3665e-03 lr: 2.6113e-03  eta: 0:03:32  time: 0.9471  data_time: 0.3479  memory: 10108  loss: 0.4233  loss_cls: 0.2026  loss_bbox: 0.2206
2026/04/05 02:26:07 - mmengine - INFO - Saving checkpoint at 230 epochs
2026/04/05 02:26:09 - mmengine - INFO - Evaluating bbox...
2026/04/05 02:26:09 - mmengine - INFO - bbox_mAP_copypaste: 0.614 0.670 0.648 -1.000 -1.000 0.616
2026/04/05 02:26:09 - mmengine - INFO - Epoch(val) [230][2/2]    coco/bbox_mAP: 0.6140  coco/bbox_mAP_50: 0.6700  coco/bbox_mAP_75: 0.6480  coco/bbox_mAP_s: -1.0000  coco/bbox_mAP_m: -1.0000  coco/bbox_mAP_l: 0.6160  data_time: 0.0091  time: 0.0476
2026/04/05 02:26:12 - mmengine - INFO - Exp name: rtmdet_nano_card_20260405_021327
2026/04/05 02:26:12 - mmengine - INFO - Epoch(train) [231][3/3]  base_lr: 1.3454e-03 lr: 2.5667e-03  eta: 0:03:29  time: 0.9439  data_time: 0.3447  memory: 10108  loss: 0.4181  loss_cls: 0.1997  loss_bbox: 0.2184
2026/04/05 02:26:15 - mmengine - INFO - Exp name: rtmdet_nano_card_20260405_021327
2026/04/05 02:26:15 - mmengine - INFO - Epoch(train) [232][3/3]  base_lr: 1.3241e-03 lr: 2.5218e-03  eta: 0:03:26  time: 0.9393  data_time: 0.3420  memory: 10108  loss: 0.4202  loss_cls: 0.2006  loss_bbox: 0.2196
2026/04/05 02:26:18 - mmengine - INFO - Exp name: rtmdet_nano_card_20260405_021327
2026/04/05 02:26:18 - mmengine - INFO - Epoch(train) [233][3/3]  base_lr: 1.3026e-03 lr: 2.4766e-03  eta: 0:03:23  time: 0.9355  data_time: 0.3390  memory: 10108  loss: 0.4207  loss_cls: 0.2008  loss_bbox: 0.2199
2026/04/05 02:26:21 - mmengine - INFO - Exp name: rtmdet_nano_card_20260405_021327
2026/04/05 02:26:21 - mmengine - INFO - Epoch(train) [234][3/3]  base_lr: 1.2810e-03 lr: 2.4311e-03  eta: 0:03:20  time: 0.9389  data_time: 0.3415  memory: 10108  loss: 0.4225  loss_cls: 0.2019  loss_bbox: 0.2207
2026/04/05 02:26:24 - mmengine - INFO - Exp name: rtmdet_nano_card_20260405_021327
2026/04/05 02:26:24 - mmengine - INFO - Epoch(train) [235][3/3]  base_lr: 1.2592e-03 lr: 2.3853e-03  eta: 0:03:17  time: 0.9428  data_time: 0.3460  memory: 10108  loss: 0.4246  loss_cls: 0.2033  loss_bbox: 0.2213
2026/04/05 02:26:27 - mmengine - INFO - Exp name: rtmdet_nano_card_20260405_021327
2026/04/05 02:26:27 - mmengine - INFO - Epoch(train) [236][3/3]  base_lr: 1.2373e-03 lr: 2.3392e-03  eta: 0:03:13  time: 0.9418  data_time: 0.3454  memory: 10108  loss: 0.4249  loss_cls: 0.2038  loss_bbox: 0.2211
2026/04/05 02:26:30 - mmengine - INFO - Exp name: rtmdet_nano_card_20260405_021327
2026/04/05 02:26:30 - mmengine - INFO - Epoch(train) [237][3/3]  base_lr: 1.2153e-03 lr: 2.2929e-03  eta: 0:03:10  time: 0.9346  data_time: 0.3400  memory: 10108  loss: 0.4247  loss_cls: 0.2044  loss_bbox: 0.2203
2026/04/05 02:26:33 - mmengine - INFO - Exp name: rtmdet_nano_card_20260405_021327
2026/04/05 02:26:33 - mmengine - INFO - Epoch(train) [238][3/3]  base_lr: 1.1932e-03 lr: 2.2464e-03  eta: 0:03:07  time: 0.9394  data_time: 0.3446  memory: 10108  loss: 0.4220  loss_cls: 0.2028  loss_bbox: 0.2192
2026/04/05 02:26:36 - mmengine - INFO - Exp name: rtmdet_nano_card_20260405_021327
2026/04/05 02:26:36 - mmengine - INFO - Epoch(train) [239][3/3]  base_lr: 1.1709e-03 lr: 2.1997e-03  eta: 0:03:04  time: 0.9430  data_time: 0.3473  memory: 10108  loss: 0.4218  loss_cls: 0.2027  loss_bbox: 0.2191
2026/04/05 02:26:39 - mmengine - INFO - Exp name: rtmdet_nano_card_20260405_021327
2026/04/05 02:26:39 - mmengine - INFO - Epoch(train) [240][3/3]  base_lr: 1.1486e-03 lr: 2.1528e-03  eta: 0:03:01  time: 0.9548  data_time: 0.3572  memory: 10108  loss: 0.4191  loss_cls: 0.2013  loss_bbox: 0.2178
2026/04/05 02:26:39 - mmengine - INFO - Saving checkpoint at 240 epochs
2026/04/05 02:26:41 - mmengine - INFO - Evaluating bbox...
2026/04/05 02:26:41 - mmengine - INFO - bbox_mAP_copypaste: 0.715 0.875 0.861 -1.000 -1.000 0.716
2026/04/05 02:26:41 - mmengine - INFO - Epoch(val) [240][2/2]    coco/bbox_mAP: 0.7150  coco/bbox_mAP_50: 0.8750  coco/bbox_mAP_75: 0.8610  coco/bbox_mAP_s: -1.0000  coco/bbox_mAP_m: -1.0000  coco/bbox_mAP_l: 0.7160  data_time: 0.0101  time: 0.0544
2026/04/05 02:26:45 - mmengine - INFO - Exp name: rtmdet_nano_card_20260405_021327
2026/04/05 02:26:45 - mmengine - INFO - Epoch(train) [241][3/3]  base_lr: 1.1262e-03 lr: 2.1059e-03  eta: 0:02:58  time: 0.9677  data_time: 0.3641  memory: 10108  loss: 0.4178  loss_cls: 0.2004  loss_bbox: 0.2174
2026/04/05 02:26:48 - mmengine - INFO - Exp name: rtmdet_nano_card_20260405_021327
2026/04/05 02:26:48 - mmengine - INFO - Epoch(train) [242][3/3]  base_lr: 1.1038e-03 lr: 2.0588e-03  eta: 0:02:55  time: 0.9748  data_time: 0.3695  memory: 10108  loss: 0.4164  loss_cls: 0.1992  loss_bbox: 0.2171
2026/04/05 02:26:51 - mmengine - INFO - Exp name: rtmdet_nano_card_20260405_021327
2026/04/05 02:26:51 - mmengine - INFO - Epoch(train) [243][3/3]  base_lr: 1.0813e-03 lr: 2.0117e-03  eta: 0:02:52  time: 0.9822  data_time: 0.3736  memory: 10108  loss: 0.4186  loss_cls: 0.2004  loss_bbox: 0.2182
2026/04/05 02:26:54 - mmengine - INFO - Exp name: rtmdet_nano_card_20260405_021327
2026/04/05 02:26:54 - mmengine - INFO - Epoch(train) [244][3/3]  base_lr: 1.0588e-03 lr: 1.9646e-03  eta: 0:02:49  time: 0.9865  data_time: 0.3791  memory: 10108  loss: 0.4181  loss_cls: 0.2002  loss_bbox: 0.2179
2026/04/05 02:26:57 - mmengine - INFO - Exp name: rtmdet_nano_card_20260405_021327
2026/04/05 02:26:57 - mmengine - INFO - Epoch(train) [245][3/3]  base_lr: 1.0362e-03 lr: 1.9174e-03  eta: 0:02:46  time: 0.9889  data_time: 0.3814  memory: 10108  loss: 0.4169  loss_cls: 0.2000  loss_bbox: 0.2169
2026/04/05 02:27:00 - mmengine - INFO - Exp name: rtmdet_nano_card_20260405_021327
2026/04/05 02:27:00 - mmengine - INFO - Epoch(train) [246][3/3]  base_lr: 1.0137e-03 lr: 1.8703e-03  eta: 0:02:43  time: 0.9883  data_time: 0.3822  memory: 10108  loss: 0.4180  loss_cls: 0.2012  loss_bbox: 0.2167
2026/04/05 02:27:03 - mmengine - INFO - Exp name: rtmdet_nano_card_20260405_021327
2026/04/05 02:27:03 - mmengine - INFO - Epoch(train) [247][3/3]  base_lr: 9.9120e-04 lr: 1.8232e-03  eta: 0:02:40  time: 0.9896  data_time: 0.3855  memory: 10108  loss: 0.4132  loss_cls: 0.1978  loss_bbox: 0.2153
2026/04/05 02:27:06 - mmengine - INFO - Exp name: rtmdet_nano_card_20260405_021327
2026/04/05 02:27:06 - mmengine - INFO - Epoch(train) [248][3/3]  base_lr: 9.6871e-04 lr: 1.7763e-03  eta: 0:02:37  time: 0.9918  data_time: 0.3880  memory: 10108  loss: 0.4083  loss_cls: 0.1951  loss_bbox: 0.2132
2026/04/05 02:27:09 - mmengine - INFO - Exp name: rtmdet_nano_card_20260405_021327
2026/04/05 02:27:09 - mmengine - INFO - Epoch(train) [249][3/3]  base_lr: 9.4626e-04 lr: 1.7294e-03  eta: 0:02:34  time: 0.9991  data_time: 0.3947  memory: 10108  loss: 0.4026  loss_cls: 0.1920  loss_bbox: 0.2106
2026/04/05 02:27:12 - mmengine - INFO - Exp name: rtmdet_nano_card_20260405_021327
2026/04/05 02:27:12 - mmengine - INFO - Epoch(train) [250][3/3]  base_lr: 9.2388e-04 lr: 1.6827e-03  eta: 0:02:31  time: 0.9927  data_time: 0.3917  memory: 10108  loss: 0.3979  loss_cls: 0.1890  loss_bbox: 0.2090
2026/04/05 02:27:12 - mmengine - INFO - Saving checkpoint at 250 epochs
2026/04/05 02:27:14 - mmengine - INFO - Evaluating bbox...
2026/04/05 02:27:14 - mmengine - INFO - bbox_mAP_copypaste: 0.844 0.963 0.963 -1.000 -1.000 0.844
2026/04/05 02:27:14 - mmengine - INFO - Epoch(val) [250][2/2]    coco/bbox_mAP: 0.8440  coco/bbox_mAP_50: 0.9630  coco/bbox_mAP_75: 0.9630  coco/bbox_mAP_s: -1.0000  coco/bbox_mAP_m: -1.0000  coco/bbox_mAP_l: 0.8440  data_time: 0.0108  time: 0.0536
2026/04/05 02:27:17 - mmengine - INFO - Exp name: rtmdet_nano_card_20260405_021327
2026/04/05 02:27:17 - mmengine - INFO - Epoch(train) [251][3/3]  base_lr: 9.0156e-04 lr: 1.6362e-03  eta: 0:02:28  time: 0.9938  data_time: 0.3910  memory: 10108  loss: 0.3956  loss_cls: 0.1881  loss_bbox: 0.2076
2026/04/05 02:27:20 - mmengine - INFO - Exp name: rtmdet_nano_card_20260405_021327
2026/04/05 02:27:20 - mmengine - INFO - Epoch(train) [252][3/3]  base_lr: 8.7934e-04 lr: 1.5899e-03  eta: 0:02:25  time: 0.9943  data_time: 0.3915  memory: 10108  loss: 0.3905  loss_cls: 0.1854  loss_bbox: 0.2052
2026/04/05 02:27:23 - mmengine - INFO - Exp name: rtmdet_nano_card_20260405_021327
2026/04/05 02:27:23 - mmengine - INFO - Epoch(train) [253][3/3]  base_lr: 8.5721e-04 lr: 1.5438e-03  eta: 0:02:22  time: 0.9919  data_time: 0.3901  memory: 10108  loss: 0.3871  loss_cls: 0.1838  loss_bbox: 0.2033
2026/04/05 02:27:25 - mmengine - INFO - Exp name: rtmdet_nano_card_20260405_021327
2026/04/05 02:27:25 - mmengine - INFO - Epoch(train) [254][3/3]  base_lr: 8.3520e-04 lr: 1.4980e-03  eta: 0:02:19  time: 0.9877  data_time: 0.3870  memory: 10108  loss: 0.3842  loss_cls: 0.1818  loss_bbox: 0.2023
2026/04/05 02:27:28 - mmengine - INFO - Exp name: rtmdet_nano_card_20260405_021327
2026/04/05 02:27:28 - mmengine - INFO - Epoch(train) [255][3/3]  base_lr: 8.1332e-04 lr: 1.4525e-03  eta: 0:02:16  time: 0.9844  data_time: 0.3837  memory: 10108  loss: 0.3799  loss_cls: 0.1795  loss_bbox: 0.2003
2026/04/05 02:27:31 - mmengine - INFO - Exp name: rtmdet_nano_card_20260405_021327
2026/04/05 02:27:31 - mmengine - INFO - Epoch(train) [256][3/3]  base_lr: 7.9159e-04 lr: 1.4073e-03  eta: 0:02:13  time: 0.9716  data_time: 0.3726  memory: 10108  loss: 0.3741  loss_cls: 0.1766  loss_bbox: 0.1975
2026/04/05 02:27:34 - mmengine - INFO - Exp name: rtmdet_nano_card_20260405_021327
2026/04/05 02:27:34 - mmengine - INFO - Epoch(train) [257][3/3]  base_lr: 7.7002e-04 lr: 1.3625e-03  eta: 0:02:10  time: 0.9607  data_time: 0.3662  memory: 10108  loss: 0.3727  loss_cls: 0.1767  loss_bbox: 0.1960
2026/04/05 02:27:37 - mmengine - INFO - Exp name: rtmdet_nano_card_20260405_021327
2026/04/05 02:27:37 - mmengine - INFO - Epoch(train) [258][3/3]  base_lr: 7.4863e-04 lr: 1.3181e-03  eta: 0:02:07  time: 0.9569  data_time: 0.3621  memory: 10108  loss: 0.3713  loss_cls: 0.1767  loss_bbox: 0.1946
2026/04/05 02:27:40 - mmengine - INFO - Exp name: rtmdet_nano_card_20260405_021327
2026/04/05 02:27:40 - mmengine - INFO - Epoch(train) [259][3/3]  base_lr: 7.2743e-04 lr: 1.2741e-03  eta: 0:02:04  time: 0.9530  data_time: 0.3576  memory: 10108  loss: 0.3671  loss_cls: 0.1742  loss_bbox: 0.1929
2026/04/05 02:27:42 - mmengine - INFO - Exp name: rtmdet_nano_card_20260405_021327
2026/04/05 02:27:42 - mmengine - INFO - Epoch(train) [260][3/3]  base_lr: 7.0644e-04 lr: 1.2306e-03  eta: 0:02:00  time: 0.9462  data_time: 0.3533  memory: 10108  loss: 0.3634  loss_cls: 0.1721  loss_bbox: 0.1912
2026/04/05 02:27:42 - mmengine - INFO - Saving checkpoint at 260 epochs
2026/04/05 02:27:44 - mmengine - INFO - Evaluating bbox...
2026/04/05 02:27:44 - mmengine - INFO - bbox_mAP_copypaste: 0.912 0.988 0.988 -1.000 -1.000 0.912
2026/04/05 02:27:44 - mmengine - INFO - Epoch(val) [260][2/2]    coco/bbox_mAP: 0.9120  coco/bbox_mAP_50: 0.9880  coco/bbox_mAP_75: 0.9880  coco/bbox_mAP_s: -1.0000  coco/bbox_mAP_m: -1.0000  coco/bbox_mAP_l: 0.9120  data_time: 0.0088  time: 0.0489
2026/04/05 02:27:47 - mmengine - INFO - Exp name: rtmdet_nano_card_20260405_021327
2026/04/05 02:27:47 - mmengine - INFO - Epoch(train) [261][3/3]  base_lr: 6.8566e-04 lr: 1.1875e-03  eta: 0:01:57  time: 0.9481  data_time: 0.3510  memory: 10108  loss: 0.3646  loss_cls: 0.1733  loss_bbox: 0.1913
2026/04/05 02:27:50 - mmengine - INFO - Exp name: rtmdet_nano_card_20260405_021327
2026/04/05 02:27:50 - mmengine - INFO - Epoch(train) [262][3/3]  base_lr: 6.6513e-04 lr: 1.1450e-03  eta: 0:01:54  time: 0.9486  data_time: 0.3512  memory: 10108  loss: 0.3627  loss_cls: 0.1717  loss_bbox: 0.1910
2026/04/05 02:27:53 - mmengine - INFO - Exp name: rtmdet_nano_card_20260405_021327
2026/04/05 02:27:53 - mmengine - INFO - Epoch(train) [263][3/3]  base_lr: 6.4484e-04 lr: 1.1030e-03  eta: 0:01:51  time: 0.9434  data_time: 0.3473  memory: 10108  loss: 0.3594  loss_cls: 0.1697  loss_bbox: 0.1898
2026/04/05 02:27:56 - mmengine - INFO - Exp name: rtmdet_nano_card_20260405_021327
2026/04/05 02:27:56 - mmengine - INFO - Epoch(train) [264][3/3]  base_lr: 6.2482e-04 lr: 1.0616e-03  eta: 0:01:48  time: 0.9450  data_time: 0.3476  memory: 10108  loss: 0.3570  loss_cls: 0.1681  loss_bbox: 0.1889
2026/04/05 02:27:59 - mmengine - INFO - Exp name: rtmdet_nano_card_20260405_021327
2026/04/05 02:27:59 - mmengine - INFO - Epoch(train) [265][3/3]  base_lr: 6.0508e-04 lr: 1.0208e-03  eta: 0:01:45  time: 0.9364  data_time: 0.3396  memory: 10108  loss: 0.3573  loss_cls: 0.1685  loss_bbox: 0.1888
2026/04/05 02:28:02 - mmengine - INFO - Exp name: rtmdet_nano_card_20260405_021327
2026/04/05 02:28:02 - mmengine - INFO - Epoch(train) [266][3/3]  base_lr: 5.8564e-04 lr: 9.8068e-04  eta: 0:01:42  time: 0.9379  data_time: 0.3388  memory: 10108  loss: 0.3575  loss_cls: 0.1690  loss_bbox: 0.1885
2026/04/05 02:28:04 - mmengine - INFO - Exp name: rtmdet_nano_card_20260405_021327
2026/04/05 02:28:04 - mmengine - INFO - Epoch(train) [267][3/3]  base_lr: 5.6650e-04 lr: 9.4121e-04  eta: 0:01:39  time: 0.9289  data_time: 0.3329  memory: 10108  loss: 0.3560  loss_cls: 0.1682  loss_bbox: 0.1878
2026/04/05 02:28:07 - mmengine - INFO - Exp name: rtmdet_nano_card_20260405_021327
2026/04/05 02:28:07 - mmengine - INFO - Epoch(train) [268][3/3]  base_lr: 5.4770e-04 lr: 9.0244e-04  eta: 0:01:36  time: 0.9264  data_time: 0.3301  memory: 10108  loss: 0.3519  loss_cls: 0.1660  loss_bbox: 0.1859
2026/04/05 02:28:10 - mmengine - INFO - Exp name: rtmdet_nano_card_20260405_021327
2026/04/05 02:28:10 - mmengine - INFO - Epoch(train) [269][3/3]  base_lr: 5.2923e-04 lr: 8.6439e-04  eta: 0:01:33  time: 0.9266  data_time: 0.3306  memory: 10108  loss: 0.3521  loss_cls: 0.1665  loss_bbox: 0.1856
2026/04/05 02:28:13 - mmengine - INFO - Exp name: rtmdet_nano_card_20260405_021327
2026/04/05 02:28:13 - mmengine - INFO - Epoch(train) [270][3/3]  base_lr: 5.1112e-04 lr: 8.2711e-04  eta: 0:01:30  time: 0.9282  data_time: 0.3331  memory: 10108  loss: 0.3494  loss_cls: 0.1651  loss_bbox: 0.1843
2026/04/05 02:28:13 - mmengine - INFO - Saving checkpoint at 270 epochs
2026/04/05 02:28:15 - mmengine - INFO - Evaluating bbox...
2026/04/05 02:28:15 - mmengine - INFO - bbox_mAP_copypaste: 0.905 0.978 0.978 -1.000 -1.000 0.905
2026/04/05 02:28:15 - mmengine - INFO - Epoch(val) [270][2/2]    coco/bbox_mAP: 0.9050  coco/bbox_mAP_50: 0.9780  coco/bbox_mAP_75: 0.9780  coco/bbox_mAP_s: -1.0000  coco/bbox_mAP_m: -1.0000  coco/bbox_mAP_l: 0.9050  data_time: 0.0092  time: 0.0365
2026/04/05 02:28:18 - mmengine - INFO - Exp name: rtmdet_nano_card_20260405_021327
2026/04/05 02:28:18 - mmengine - INFO - Epoch(train) [271][3/3]  base_lr: 4.9337e-04 lr: 7.9063e-04  eta: 0:01:27  time: 0.9290  data_time: 0.3325  memory: 10108  loss: 0.3454  loss_cls: 0.1634  loss_bbox: 0.1821
2026/04/05 02:28:20 - mmengine - INFO - Exp name: rtmdet_nano_card_20260405_021327
2026/04/05 02:28:20 - mmengine - INFO - Epoch(train) [272][3/3]  base_lr: 4.7601e-04 lr: 7.5496e-04  eta: 0:01:24  time: 0.9298  data_time: 0.3330  memory: 10108  loss: 0.3438  loss_cls: 0.1620  loss_bbox: 0.1818
2026/04/05 02:28:23 - mmengine - INFO - Exp name: rtmdet_nano_card_20260405_021327
2026/04/05 02:28:23 - mmengine - INFO - Epoch(train) [273][3/3]  base_lr: 4.5905e-04 lr: 7.2014e-04  eta: 0:01:21  time: 0.9286  data_time: 0.3307  memory: 10108  loss: 0.3382  loss_cls: 0.1593  loss_bbox: 0.1788
2026/04/05 02:28:26 - mmengine - INFO - Exp name: rtmdet_nano_card_20260405_021327
2026/04/05 02:28:26 - mmengine - INFO - Epoch(train) [274][3/3]  base_lr: 4.4250e-04 lr: 6.8621e-04  eta: 0:01:18  time: 0.9273  data_time: 0.3284  memory: 10108  loss: 0.3385  loss_cls: 0.1588  loss_bbox: 0.1797
2026/04/05 02:28:29 - mmengine - INFO - Exp name: rtmdet_nano_card_20260405_021327
2026/04/05 02:28:29 - mmengine - INFO - Epoch(train) [275][3/3]  base_lr: 4.2637e-04 lr: 6.5318e-04  eta: 0:01:15  time: 0.9289  data_time: 0.3282  memory: 10108  loss: 0.3367  loss_cls: 0.1574  loss_bbox: 0.1793
2026/04/05 02:28:32 - mmengine - INFO - Exp name: rtmdet_nano_card_20260405_021327
2026/04/05 02:28:32 - mmengine - INFO - Epoch(train) [276][3/3]  base_lr: 4.1069e-04 lr: 6.2109e-04  eta: 0:01:12  time: 0.9356  data_time: 0.3345  memory: 10108  loss: 0.3342  loss_cls: 0.1558  loss_bbox: 0.1784
2026/04/05 02:28:35 - mmengine - INFO - Exp name: rtmdet_nano_card_20260405_021327
2026/04/05 02:28:35 - mmengine - INFO - Epoch(train) [277][3/3]  base_lr: 3.9546e-04 lr: 5.8996e-04  eta: 0:01:09  time: 0.9383  data_time: 0.3380  memory: 10108  loss: 0.3332  loss_cls: 0.1551  loss_bbox: 0.1781
2026/04/05 02:28:38 - mmengine - INFO - Exp name: rtmdet_nano_card_20260405_021327
2026/04/05 02:28:38 - mmengine - INFO - Epoch(train) [278][3/3]  base_lr: 3.8069e-04 lr: 5.5982e-04  eta: 0:01:06  time: 0.9386  data_time: 0.3363  memory: 10108  loss: 0.3306  loss_cls: 0.1540  loss_bbox: 0.1766
2026/04/05 02:28:41 - mmengine - INFO - Exp name: rtmdet_nano_card_20260405_021327
2026/04/05 02:28:41 - mmengine - INFO - Epoch(train) [279][3/3]  base_lr: 3.6641e-04 lr: 5.3071e-04  eta: 0:01:03  time: 0.9449  data_time: 0.3412  memory: 10108  loss: 0.3302  loss_cls: 0.1540  loss_bbox: 0.1762
2026/04/05 02:28:41 - mmengine - INFO - Evaluating bbox...
2026/04/05 02:28:41 - mmengine - INFO - bbox_mAP_copypaste: 0.867 1.000 0.857 -1.000 -1.000 0.867
2026/04/05 02:28:41 - mmengine - INFO - Epoch(val) [279][2/2]    coco/bbox_mAP: 0.8670  coco/bbox_mAP_50: 1.0000  coco/bbox_mAP_75: 0.8570  coco/bbox_mAP_s: -1.0000  coco/bbox_mAP_m: -1.0000  coco/bbox_mAP_l: 0.8670  data_time: 0.0090  time: 0.0332
2026/04/05 02:28:44 - mmengine - INFO - Exp name: rtmdet_nano_card_20260405_021327
2026/04/05 02:28:44 - mmengine - INFO - Epoch(train) [280][3/3]  base_lr: 3.5262e-04 lr: 5.0265e-04  eta: 0:01:00  time: 0.9414  data_time: 0.3363  memory: 10108  loss: 0.3298  loss_cls: 0.1541  loss_bbox: 0.1757
2026/04/05 02:28:44 - mmengine - INFO - Saving checkpoint at 280 epochs
2026/04/05 02:28:46 - mmengine - INFO - Evaluating bbox...
2026/04/05 02:28:46 - mmengine - INFO - bbox_mAP_copypaste: 0.873 1.000 0.845 -1.000 -1.000 0.873
2026/04/05 02:28:46 - mmengine - INFO - Epoch(val) [280][2/2]    coco/bbox_mAP: 0.8730  coco/bbox_mAP_50: 1.0000  coco/bbox_mAP_75: 0.8450  coco/bbox_mAP_s: -1.0000  coco/bbox_mAP_m: -1.0000  coco/bbox_mAP_l: 0.8730  data_time: 0.0088  time: 0.0403
2026/04/05 02:28:46 - mmengine - INFO - Switch pipeline now!
2026/04/05 02:29:10 - mmengine - INFO - Exp name: rtmdet_nano_card_20260405_021327
2026/04/05 02:29:10 - mmengine - INFO - Epoch(train) [281][3/3]  base_lr: 3.3935e-04 lr: 4.7566e-04  eta: 0:00:58  time: 1.3725  data_time: 0.7613  memory: 10108  loss: 0.3260  loss_cls: 0.1549  loss_bbox: 0.1711
2026/04/05 02:29:11 - mmengine - INFO - Evaluating bbox...
2026/04/05 02:29:11 - mmengine - INFO - bbox_mAP_copypaste: 0.864 1.000 0.857 -1.000 -1.000 0.864
2026/04/05 02:29:11 - mmengine - INFO - Epoch(val) [281][2/2]    coco/bbox_mAP: 0.8640  coco/bbox_mAP_50: 1.0000  coco/bbox_mAP_75: 0.8570  coco/bbox_mAP_s: -1.0000  coco/bbox_mAP_m: -1.0000  coco/bbox_mAP_l: 0.8640  data_time: 0.0100  time: 0.0378
2026/04/05 02:29:13 - mmengine - INFO - Exp name: rtmdet_nano_card_20260405_021327
2026/04/05 02:29:13 - mmengine - INFO - Epoch(train) [282][3/3]  base_lr: 3.2659e-04 lr: 4.4977e-04  eta: 0:00:55  time: 1.3585  data_time: 0.7472  memory: 10108  loss: 0.3172  loss_cls: 0.1511  loss_bbox: 0.1661
2026/04/05 02:29:13 - mmengine - INFO - Evaluating bbox...
2026/04/05 02:29:13 - mmengine - INFO - bbox_mAP_copypaste: 0.875 1.000 1.000 -1.000 -1.000 0.875
2026/04/05 02:29:13 - mmengine - INFO - Epoch(val) [282][2/2]    coco/bbox_mAP: 0.8750  coco/bbox_mAP_50: 1.0000  coco/bbox_mAP_75: 1.0000  coco/bbox_mAP_s: -1.0000  coco/bbox_mAP_m: -1.0000  coco/bbox_mAP_l: 0.8750  data_time: 0.0096  time: 0.0331
2026/04/05 02:29:15 - mmengine - INFO - Exp name: rtmdet_nano_card_20260405_021327
2026/04/05 02:29:15 - mmengine - INFO - Epoch(train) [283][3/3]  base_lr: 3.1436e-04 lr: 4.2501e-04  eta: 0:00:52  time: 1.3474  data_time: 0.7350  memory: 10108  loss: 0.3061  loss_cls: 0.1460  loss_bbox: 0.1601
2026/04/05 02:29:15 - mmengine - INFO - Evaluating bbox...
2026/04/05 02:29:15 - mmengine - INFO - bbox_mAP_copypaste: 0.862 0.978 0.978 -1.000 -1.000 0.862
2026/04/05 02:29:15 - mmengine - INFO - Epoch(val) [283][2/2]    coco/bbox_mAP: 0.8620  coco/bbox_mAP_50: 0.9780  coco/bbox_mAP_75: 0.9780  coco/bbox_mAP_s: -1.0000  coco/bbox_mAP_m: -1.0000  coco/bbox_mAP_l: 0.8620  data_time: 0.0091  time: 0.0316
2026/04/05 02:29:18 - mmengine - INFO - Exp name: rtmdet_nano_card_20260405_021327
2026/04/05 02:29:18 - mmengine - INFO - Epoch(train) [284][3/3]  base_lr: 3.0269e-04 lr: 4.0141e-04  eta: 0:00:49  time: 1.3388  data_time: 0.7226  memory: 10108  loss: 0.2950  loss_cls: 0.1398  loss_bbox: 0.1552
2026/04/05 02:29:18 - mmengine - INFO - Evaluating bbox...
2026/04/05 02:29:18 - mmengine - INFO - bbox_mAP_copypaste: 0.898 1.000 1.000 -1.000 -1.000 0.898
2026/04/05 02:29:18 - mmengine - INFO - Epoch(val) [284][2/2]    coco/bbox_mAP: 0.8980  coco/bbox_mAP_50: 1.0000  coco/bbox_mAP_75: 1.0000  coco/bbox_mAP_s: -1.0000  coco/bbox_mAP_m: -1.0000  coco/bbox_mAP_l: 0.8980  data_time: 0.0098  time: 0.0332
2026/04/05 02:29:20 - mmengine - INFO - Exp name: rtmdet_nano_card_20260405_021327
2026/04/05 02:29:20 - mmengine - INFO - Epoch(train) [285][3/3]  base_lr: 2.9157e-04 lr: 3.7898e-04  eta: 0:00:46  time: 1.3268  data_time: 0.7085  memory: 10108  loss: 0.2843  loss_cls: 0.1331  loss_bbox: 0.1512
2026/04/05 02:29:20 - mmengine - INFO - Evaluating bbox...
2026/04/05 02:29:20 - mmengine - INFO - bbox_mAP_copypaste: 0.897 1.000 1.000 -1.000 -1.000 0.897
2026/04/05 02:29:20 - mmengine - INFO - Epoch(val) [285][2/2]    coco/bbox_mAP: 0.8970  coco/bbox_mAP_50: 1.0000  coco/bbox_mAP_75: 1.0000  coco/bbox_mAP_s: -1.0000  coco/bbox_mAP_m: -1.0000  coco/bbox_mAP_l: 0.8970  data_time: 0.0095  time: 0.0318
2026/04/05 02:29:22 - mmengine - INFO - Exp name: rtmdet_nano_card_20260405_021327
2026/04/05 02:29:22 - mmengine - INFO - Epoch(train) [286][3/3]  base_lr: 2.8103e-04 lr: 3.5776e-04  eta: 0:00:43  time: 1.3126  data_time: 0.6930  memory: 10108  loss: 0.2723  loss_cls: 0.1261  loss_bbox: 0.1462
2026/04/05 02:29:23 - mmengine - INFO - Evaluating bbox...
2026/04/05 02:29:23 - mmengine - INFO - bbox_mAP_copypaste: 0.880 0.988 0.881 -1.000 -1.000 0.880
2026/04/05 02:29:23 - mmengine - INFO - Epoch(val) [286][2/2]    coco/bbox_mAP: 0.8800  coco/bbox_mAP_50: 0.9880  coco/bbox_mAP_75: 0.8810  coco/bbox_mAP_s: -1.0000  coco/bbox_mAP_m: -1.0000  coco/bbox_mAP_l: 0.8800  data_time: 0.0094  time: 0.0330
2026/04/05 02:29:25 - mmengine - INFO - Exp name: rtmdet_nano_card_20260405_021327
2026/04/05 02:29:25 - mmengine - INFO - Epoch(train) [287][3/3]  base_lr: 2.7107e-04 lr: 3.3777e-04  eta: 0:00:39  time: 1.2996  data_time: 0.6814  memory: 10108  loss: 0.2618  loss_cls: 0.1201  loss_bbox: 0.1417
2026/04/05 02:29:25 - mmengine - INFO - Evaluating bbox...
2026/04/05 02:29:25 - mmengine - INFO - bbox_mAP_copypaste: 0.880 0.988 0.881 -1.000 -1.000 0.880
2026/04/05 02:29:25 - mmengine - INFO - Epoch(val) [287][2/2]    coco/bbox_mAP: 0.8800  coco/bbox_mAP_50: 0.9880  coco/bbox_mAP_75: 0.8810  coco/bbox_mAP_s: -1.0000  coco/bbox_mAP_m: -1.0000  coco/bbox_mAP_l: 0.8800  data_time: 0.0087  time: 0.0300
2026/04/05 02:29:27 - mmengine - INFO - Exp name: rtmdet_nano_card_20260405_021327
2026/04/05 02:29:27 - mmengine - INFO - Epoch(train) [288][3/3]  base_lr: 2.6171e-04 lr: 3.1903e-04  eta: 0:00:36  time: 1.2897  data_time: 0.6696  memory: 10108  loss: 0.2527  loss_cls: 0.1149  loss_bbox: 0.1378
2026/04/05 02:29:27 - mmengine - INFO - Evaluating bbox...
2026/04/05 02:29:27 - mmengine - INFO - bbox_mAP_copypaste: 0.880 0.988 0.881 -1.000 -1.000 0.880
2026/04/05 02:29:27 - mmengine - INFO - Epoch(val) [288][2/2]    coco/bbox_mAP: 0.8800  coco/bbox_mAP_50: 0.9880  coco/bbox_mAP_75: 0.8810  coco/bbox_mAP_s: -1.0000  coco/bbox_mAP_m: -1.0000  coco/bbox_mAP_l: 0.8800  data_time: 0.0089  time: 0.0338
2026/04/05 02:29:29 - mmengine - INFO - Exp name: rtmdet_nano_card_20260405_021327
2026/04/05 02:29:29 - mmengine - INFO - Epoch(train) [289][3/3]  base_lr: 2.5295e-04 lr: 3.0157e-04  eta: 0:00:33  time: 1.2802  data_time: 0.6584  memory: 10108  loss: 0.2436  loss_cls: 0.1094  loss_bbox: 0.1342
2026/04/05 02:29:30 - mmengine - INFO - Evaluating bbox...
2026/04/05 02:29:30 - mmengine - INFO - bbox_mAP_copypaste: 0.891 0.988 0.881 -1.000 -1.000 0.891
2026/04/05 02:29:30 - mmengine - INFO - Epoch(val) [289][2/2]    coco/bbox_mAP: 0.8910  coco/bbox_mAP_50: 0.9880  coco/bbox_mAP_75: 0.8810  coco/bbox_mAP_s: -1.0000  coco/bbox_mAP_m: -1.0000  coco/bbox_mAP_l: 0.8910  data_time: 0.0094  time: 0.0339
2026/04/05 02:29:32 - mmengine - INFO - Exp name: rtmdet_nano_card_20260405_021327
2026/04/05 02:29:32 - mmengine - INFO - Epoch(train) [290][3/3]  base_lr: 2.4482e-04 lr: 2.8541e-04  eta: 0:00:30  time: 1.2665  data_time: 0.6458  memory: 10108  loss: 0.2317  loss_cls: 0.1024  loss_bbox: 0.1292
2026/04/05 02:29:32 - mmengine - INFO - Saving checkpoint at 290 epochs
2026/04/05 02:29:34 - mmengine - INFO - Evaluating bbox...
2026/04/05 02:29:34 - mmengine - INFO - bbox_mAP_copypaste: 0.909 1.000 1.000 -1.000 -1.000 0.909
2026/04/05 02:29:34 - mmengine - INFO - Epoch(val) [290][2/2]    coco/bbox_mAP: 0.9090  coco/bbox_mAP_50: 1.0000  coco/bbox_mAP_75: 1.0000  coco/bbox_mAP_s: -1.0000  coco/bbox_mAP_m: -1.0000  coco/bbox_mAP_l: 0.9090  data_time: 0.0093  time: 0.0478
2026/04/05 02:29:36 - mmengine - INFO - Exp name: rtmdet_nano_card_20260405_021327
2026/04/05 02:29:36 - mmengine - INFO - Epoch(train) [291][3/3]  base_lr: 2.3732e-04 lr: 2.7057e-04  eta: 0:00:27  time: 1.2525  data_time: 0.6322  memory: 10108  loss: 0.2173  loss_cls: 0.0944  loss_bbox: 0.1229
2026/04/05 02:29:36 - mmengine - INFO - Evaluating bbox...
2026/04/05 02:29:36 - mmengine - INFO - bbox_mAP_copypaste: 0.883 1.000 0.881 -1.000 -1.000 0.883
2026/04/05 02:29:36 - mmengine - INFO - Epoch(val) [291][2/2]    coco/bbox_mAP: 0.8830  coco/bbox_mAP_50: 1.0000  coco/bbox_mAP_75: 0.8810  coco/bbox_mAP_s: -1.0000  coco/bbox_mAP_m: -1.0000  coco/bbox_mAP_l: 0.8830  data_time: 0.0091  time: 0.0351
2026/04/05 02:29:38 - mmengine - INFO - Exp name: rtmdet_nano_card_20260405_021327
2026/04/05 02:29:38 - mmengine - INFO - Epoch(train) [292][3/3]  base_lr: 2.3047e-04 lr: 2.5708e-04  eta: 0:00:24  time: 1.2287  data_time: 0.6128  memory: 10108  loss: 0.2041  loss_cls: 0.0875  loss_bbox: 0.1167
2026/04/05 02:29:39 - mmengine - INFO - Evaluating bbox...
2026/04/05 02:29:39 - mmengine - INFO - bbox_mAP_copypaste: 0.895 1.000 1.000 -1.000 -1.000 0.895
2026/04/05 02:29:39 - mmengine - INFO - Epoch(val) [292][2/2]    coco/bbox_mAP: 0.8950  coco/bbox_mAP_50: 1.0000  coco/bbox_mAP_75: 1.0000  coco/bbox_mAP_s: -1.0000  coco/bbox_mAP_m: -1.0000  coco/bbox_mAP_l: 0.8950  data_time: 0.0093  time: 0.0287
2026/04/05 02:29:41 - mmengine - INFO - Exp name: rtmdet_nano_card_20260405_021327
2026/04/05 02:29:41 - mmengine - INFO - Epoch(train) [293][3/3]  base_lr: 2.2427e-04 lr: 2.4496e-04  eta: 0:00:21  time: 1.2097  data_time: 0.5966  memory: 10108  loss: 0.1939  loss_cls: 0.0823  loss_bbox: 0.1116
2026/04/05 02:29:41 - mmengine - INFO - Evaluating bbox...
2026/04/05 02:29:41 - mmengine - INFO - bbox_mAP_copypaste: 0.886 1.000 0.881 -1.000 -1.000 0.886
2026/04/05 02:29:41 - mmengine - INFO - Epoch(val) [293][2/2]    coco/bbox_mAP: 0.8860  coco/bbox_mAP_50: 1.0000  coco/bbox_mAP_75: 0.8810  coco/bbox_mAP_s: -1.0000  coco/bbox_mAP_m: -1.0000  coco/bbox_mAP_l: 0.8860  data_time: 0.0086  time: 0.0297
2026/04/05 02:29:43 - mmengine - INFO - Exp name: rtmdet_nano_card_20260405_021327
2026/04/05 02:29:43 - mmengine - INFO - Epoch(train) [294][3/3]  base_lr: 2.1873e-04 lr: 2.3423e-04  eta: 0:00:18  time: 1.1932  data_time: 0.5825  memory: 10108  loss: 0.1815  loss_cls: 0.0752  loss_bbox: 0.1063
2026/04/05 02:29:43 - mmengine - INFO - Evaluating bbox...
2026/04/05 02:29:43 - mmengine - INFO - bbox_mAP_copypaste: 0.886 1.000 0.881 -1.000 -1.000 0.886
2026/04/05 02:29:43 - mmengine - INFO - Epoch(val) [294][2/2]    coco/bbox_mAP: 0.8860  coco/bbox_mAP_50: 1.0000  coco/bbox_mAP_75: 0.8810  coco/bbox_mAP_s: -1.0000  coco/bbox_mAP_m: -1.0000  coco/bbox_mAP_l: 0.8860  data_time: 0.0091  time: 0.0321
2026/04/05 02:29:45 - mmengine - INFO - Exp name: rtmdet_nano_card_20260405_021327
2026/04/05 02:29:45 - mmengine - INFO - Epoch(train) [295][3/3]  base_lr: 2.1388e-04 lr: 2.2491e-04  eta: 0:00:15  time: 1.1731  data_time: 0.5644  memory: 10108  loss: 0.1671  loss_cls: 0.0672  loss_bbox: 0.0999
2026/04/05 02:29:45 - mmengine - INFO - Evaluating bbox...
2026/04/05 02:29:46 - mmengine - INFO - bbox_mAP_copypaste: 0.905 1.000 1.000 -1.000 -1.000 0.905
2026/04/05 02:29:46 - mmengine - INFO - Epoch(val) [295][2/2]    coco/bbox_mAP: 0.9050  coco/bbox_mAP_50: 1.0000  coco/bbox_mAP_75: 1.0000  coco/bbox_mAP_s: -1.0000  coco/bbox_mAP_m: -1.0000  coco/bbox_mAP_l: 0.9050  data_time: 0.0099  time: 0.0313
2026/04/05 02:29:48 - mmengine - INFO - Exp name: rtmdet_nano_card_20260405_021327
2026/04/05 02:29:48 - mmengine - INFO - Epoch(train) [296][3/3]  base_lr: 2.0971e-04 lr: 2.1702e-04  eta: 0:00:12  time: 1.1665  data_time: 0.5554  memory: 10108  loss: 0.1554  loss_cls: 0.0604  loss_bbox: 0.0950
2026/04/05 02:29:48 - mmengine - INFO - Evaluating bbox...
2026/04/05 02:29:48 - mmengine - INFO - bbox_mAP_copypaste: 0.898 1.000 1.000 -1.000 -1.000 0.898
2026/04/05 02:29:48 - mmengine - INFO - Epoch(val) [296][2/2]    coco/bbox_mAP: 0.8980  coco/bbox_mAP_50: 1.0000  coco/bbox_mAP_75: 1.0000  coco/bbox_mAP_s: -1.0000  coco/bbox_mAP_m: -1.0000  coco/bbox_mAP_l: 0.8980  data_time: 0.0098  time: 0.0348
2026/04/05 02:29:50 - mmengine - INFO - Exp name: rtmdet_nano_card_20260405_021327
2026/04/05 02:29:50 - mmengine - INFO - Epoch(train) [297][3/3]  base_lr: 2.0624e-04 lr: 2.1058e-04  eta: 0:00:09  time: 0.7231  data_time: 0.1184  memory: 10108  loss: 0.1424  loss_cls: 0.0519  loss_bbox: 0.0906
2026/04/05 02:29:50 - mmengine - INFO - Evaluating bbox...
2026/04/05 02:29:50 - mmengine - INFO - bbox_mAP_copypaste: 0.907 1.000 1.000 -1.000 -1.000 0.907
2026/04/05 02:29:50 - mmengine - INFO - Epoch(val) [297][2/2]    coco/bbox_mAP: 0.9070  coco/bbox_mAP_50: 1.0000  coco/bbox_mAP_75: 1.0000  coco/bbox_mAP_s: -1.0000  coco/bbox_mAP_m: -1.0000  coco/bbox_mAP_l: 0.9070  data_time: 0.0093  time: 0.0315
2026/04/05 02:29:53 - mmengine - INFO - Exp name: rtmdet_nano_card_20260405_021327
2026/04/05 02:29:53 - mmengine - INFO - Epoch(train) [298][3/3]  base_lr: 2.0349e-04 lr: 2.0562e-04  eta: 0:00:06  time: 0.7231  data_time: 0.1183  memory: 10108  loss: 0.1346  loss_cls: 0.0452  loss_bbox: 0.0895
2026/04/05 02:29:53 - mmengine - INFO - Evaluating bbox...
2026/04/05 02:29:53 - mmengine - INFO - bbox_mAP_copypaste: 0.895 1.000 0.881 -1.000 -1.000 0.895
2026/04/05 02:29:53 - mmengine - INFO - Epoch(val) [298][2/2]    coco/bbox_mAP: 0.8950  coco/bbox_mAP_50: 1.0000  coco/bbox_mAP_75: 0.8810  coco/bbox_mAP_s: -1.0000  coco/bbox_mAP_m: -1.0000  coco/bbox_mAP_l: 0.8950  data_time: 0.0084  time: 0.0280
2026/04/05 02:29:55 - mmengine - INFO - Exp name: rtmdet_nano_card_20260405_021327
2026/04/05 02:29:55 - mmengine - INFO - Epoch(train) [299][3/3]  base_lr: 2.0146e-04 lr: 2.0216e-04  eta: 0:00:03  time: 0.7195  data_time: 0.1180  memory: 10108  loss: 0.1307  loss_cls: 0.0423  loss_bbox: 0.0884
2026/04/05 02:29:55 - mmengine - INFO - Evaluating bbox...
2026/04/05 02:29:55 - mmengine - INFO - bbox_mAP_copypaste: 0.895 1.000 0.881 -1.000 -1.000 0.895
2026/04/05 02:29:55 - mmengine - INFO - Epoch(val) [299][2/2]    coco/bbox_mAP: 0.8950  coco/bbox_mAP_50: 1.0000  coco/bbox_mAP_75: 0.8810  coco/bbox_mAP_s: -1.0000  coco/bbox_mAP_m: -1.0000  coco/bbox_mAP_l: 0.8950  data_time: 0.0085  time: 0.0281
2026/04/05 02:29:57 - mmengine - INFO - Exp name: rtmdet_nano_card_20260405_021327
2026/04/05 02:29:57 - mmengine - INFO - Epoch(train) [300][3/3]  base_lr: 2.0019e-04 lr: 2.0023e-04  eta: 0:00:00  time: 0.7195  data_time: 0.1203  memory: 10108  loss: 0.1283  loss_cls: 0.0411  loss_bbox: 0.0872
2026/04/05 02:29:57 - mmengine - INFO - Saving checkpoint at 300 epochs
2026/04/05 02:29:59 - mmengine - INFO - Evaluating bbox...
2026/04/05 02:29:59 - mmengine - INFO - bbox_mAP_copypaste: 0.897 1.000 0.881 -1.000 -1.000 0.897
2026/04/05 02:29:59 - mmengine - INFO - Epoch(val) [300][2/2]    coco/bbox_mAP: 0.8970  coco/bbox_mAP_50: 1.0000  coco/bbox_mAP_75: 0.8810  coco/bbox_mAP_s: -1.0000  coco/bbox_mAP_m: -1.0000  coco/bbox_mAP_l: 0.8970  data_time: 0.0085  time: 0.0504
